"","baseMean","log2FoldChange","lfcSE","stat","pvalue","padj"
"Solyc01g005290.4",199.127699091366,1.41347011277396,0.265370153099843,5.32640953122621,1.00173137537039e-07,3.27919711996247e-05
"Solyc01g005440.4",18526.1791194881,0.91292317703235,0.28376022851434,3.21723442996951,0.00129432792011217,0.0426840585210324
"Solyc01g005530.3",253.208115708729,-0.69650719272053,0.122287059517913,-5.69567373249745,1.22885678844421e-08,5.65548500473067e-06
"Solyc01g005830.4",446.370954414551,-0.67179298242885,0.207944264981096,-3.23063962591092,0.00123513560809918,0.0415947331865169
"Solyc01g006380.2",313.918943946627,-1.62357894187091,0.343127444122308,-4.73170820254232,2.22638301733742e-06,0.000461999158547418
"Solyc01g006400.4",25488.2454563744,1.07450778690465,0.320365423691189,3.35400672932922,0.000796504257132936,0.0315806707878045
"Solyc01g006730.4",2.5828465606677,-6.04442336590098,1.79176764712252,-3.37344151492411,0.000742348147413008,0.0301545068638933
"Solyc01g006900.3",4479.09281157558,0.747684583655031,0.194731404003918,3.83956859695824,0.000123250690143005,0.0090846369621963
"Solyc01g007010.2",44.5333493624629,-1.26475792469826,0.398583155940762,-3.17313440331692,0.00150802695676076,0.0474804526980121
"Solyc01g007950.4",1328.02402707733,0.819665784335761,0.200547185926881,4.08714677569502,4.36710851694823e-05,0.00420830457087739
"Solyc01g008020.4",1086.49649246221,0.231574923913703,0.071932960597434,3.21931590178375,0.00128496840635269,0.0425922637843275
"Solyc01g009900.3",7.10172516211695,5.73089370095979,1.53384062158646,3.73630325100681,0.000186745439930109,0.0118095269683075
"Solyc01g014315.1",73.5450596452655,-1.89865059081237,0.497523251752352,-3.81620473842184,0.000135520068264604,0.00963794479095876
"Solyc01g058250.2",17.6963610328549,5.26346449682654,1.45130426291606,3.62671331664858,0.000287051690556412,0.0153231909635149
"Solyc01g058390.3",612.923951768934,0.585256049283876,0.154072075672627,3.7985861274916,0.000145523860742322,0.010236549384774
"Solyc01g060240.4",1463.5637559235,-0.723349109271942,0.202397203534223,-3.57390861455076,0.000351691717877377,0.0177520581404771
"Solyc01g065570.2",2.96839441658919,4.72119763252657,1.22107531135121,3.86642624630761,0.000110441842940922,0.00844823169713035
"Solyc01g068080.4",103.291470580352,2.85261233367781,0.620321499829965,4.5986030380371,4.25333339380999e-06,0.000788993344551754
"Solyc01g068140.4",169.32418097658,-1.24295186457803,0.367994694701014,-3.37763528245399,0.000731119803312638,0.0298618840765859
"Solyc01g068460.4",1311.54904586088,0.729612839287039,0.20949105446987,3.48278756404836,0.00049622196257469,0.022692061322109
"Solyc01g079180.4",142.681202336831,-3.08885656816746,0.741869876435942,-4.1636096386698,3.13255498297801e-05,0.00330477127588107
"Solyc01g079360.4",943.255597132667,1.06523520274312,0.164887962879818,6.46035759153346,1.04455852075851e-10,1.0109509857428e-07
"Solyc01g079510.3",1916.52244617097,0.366006034417323,0.109868574953185,3.33130774266691,0.000864389854859189,0.0332867072952428
"Solyc01g080410.3",33.1097678073465,-2.1809984075575,0.602660256695368,-3.61895177809933,0.00029579874587217,0.0155294341582889
"Solyc01g080490.2",93.35085716563,-1.38332123361655,0.344565045619586,-4.01468823144584,5.95244236280718e-05,0.00540821906106481
"Solyc01g080640.3",7987.98753992099,0.755052168648144,0.178681902248738,4.22567791782885,2.38222518634357e-05,0.00271940167425682
"Solyc01g080910.2",2376.0076485706,0.946883668102499,0.247412493940273,3.82714572341316,0.000129637774232933,0.00940153658595332
"Solyc01g086660.2",86.8182157671063,1.72584459180457,0.515379629554868,3.34868608077346,0.000811957360316843,0.0319331640294221
"Solyc01g086700.4",9.96367858500957,3.79396474741072,0.85762566524509,4.42380038419966,9.69796324447247e-06,0.00143291414761045
"Solyc01g087070.4",26.1364859578817,1.28306637752022,0.374524859094768,3.42585103862373,0.000612876401332852,0.0263371210302496
"Solyc01g087470.3",372.962348579827,0.485043520922049,0.126987357558639,3.8196205531568,0.000133657124173277,0.00959744381966823
"Solyc01g087560.3",1137.04799748625,-0.705739757569634,0.191647276302044,-3.68249302148892,0.000230964192347206,0.0135378390855689
"Solyc01g087970.3",1523.09189765519,-0.632736191249069,0.182604334954821,-3.46506665028307,0.000530100086031015,0.0237425108954736
"Solyc01g088050.3",1390.94404367362,-0.674354419793417,0.151866407656213,-4.44044492920374,8.97730767017915e-06,0.00135023559958235
"Solyc01g088430.4",410.473102021566,3.28590962335747,0.930947737500178,3.52963919562331,0.000416126739205532,0.0200497428889938
"Solyc01g088480.3",1971.94615867797,-0.594436283244086,0.142869837479559,-4.16068425449938,3.1729550782345e-05,0.00333160283214622
"Solyc01g088690.3",140.599998929544,0.782674228418232,0.214563599211121,3.64774934469716,0.000264547532119699,0.0146020930622286
"Solyc01g088790.2",49.5262180075236,2.16644101844999,0.429577997145482,5.0431843177394,4.57847833925263e-07,0.000125823367693535
"Solyc01g089850.4",1329.93770339096,-0.798220323401948,0.22209794382582,-3.59400141060266,0.00032563807130605,0.0167406546588284
"Solyc01g090210.4",75.9382515540215,0.898846869156371,0.247954181036346,3.62505227941535,0.000288903002482066,0.0153851216154325
"Solyc01g090680.3",697.576806223064,0.828706097157802,0.227171139136251,3.64793741101402,0.000264354012686059,0.0146020930622286
"Solyc01g090800.3",340.086122560267,-0.892380027265425,0.257520171774653,-3.46528204418221,0.000529675669329076,0.0237425108954736
"Solyc01g091170.3",37957.8130097665,2.65454436833443,0.477908633613921,5.55450180562945,2.78404636298104e-08,1.10665842928496e-05
"Solyc01g091360.4",609.071040974953,-1.6532822690749,0.479267413024359,-3.44960292343278,0.000561411672998371,0.0246976755749876
"Solyc01g094570.3",281.810808464597,0.687709390379374,0.191172768981949,3.59731877108663,0.000321514361966542,0.0166053589266246
"Solyc01g094870.3",173.68927141825,2.27809403054286,0.462241371858358,4.9283646363894,8.29207537192216e-07,0.00020975181565794
"Solyc01g094940.4",1403.29845449501,-0.971698639225027,0.188880484332015,-5.14451581729836,2.68211655427488e-07,8.06809655380524e-05
"Solyc01g095150.3",503.475781789573,1.03263348864931,0.292919999586642,3.52530892430195,0.000422989202415711,0.0202925423400296
"Solyc01g095770.3",6.95674338625376,4.3543564146454,1.01495515151653,4.29019588514741,1.78515589602273e-05,0.00218338298052011
"Solyc01g096060.4",848.371757778404,0.317337808324734,0.0974984238727242,3.25479936720814,0.00113472497364268,0.0391166888904746
"Solyc01g096220.3",962.521536758211,-0.654660024000251,0.20764243093311,-3.15282392456262,0.00161699308018773,0.0493748504320697
"Solyc01g096930.3",584.412458410849,0.688695674995007,0.166209185266809,4.14354762577934,3.41974010674951e-05,0.00350799146434305
"Solyc01g098840.3",1376.83943302956,0.56531992797361,0.15144961286734,3.73272613426087,0.00018941851075132,0.0119108927947017
"Solyc01g099050.3",4.57989068528629,4.75924720286582,1.29558343304824,3.67343937986942,0.000239307469560169,0.0137695624832364
"Solyc01g099220.3",576.288928373875,0.699862362067694,0.213247519462633,3.28192498478431,0.00103101029447641,0.0370763960501533
"Solyc01g099560.3",107.718661395763,-1.15056464725533,0.34503653656767,-3.33461684580084,0.000854170055961708,0.0330675225142741
"Solyc01g099910.4",552.781800312007,0.895980045610985,0.274604729055681,3.26279903733671,0.0011031771765673,0.038550587049275
"Solyc01g099990.3",7.75540058811838,3.78144677888307,0.989941611426715,3.81986850056056,0.000133522840238025,0.00959744381966823
"Solyc01g100110.4",2572.94150674564,-0.544136372596906,0.137602984899975,-3.95439367098354,7.67289848093642e-05,0.00654401226764922
"Solyc01g101100.4",2227.50436538149,-0.60710967020494,0.179609520859036,-3.38016418785184,0.000724425401999784,0.0297451692981397
"Solyc01g102350.3",2913.45220019398,-0.768626690586537,0.214437573751613,-3.5843843834796,0.000337874189377021,0.01721070813623
"Solyc01g102390.4",604.920070632529,-0.933813243495788,0.272531436743475,-3.42644230204809,0.000611543670699794,0.0263306810633992
"Solyc01g102400.3",364.209168860324,-0.923513540410927,0.278569360191132,-3.31520142695264,0.000915771111284385,0.0343761634691238
"Solyc01g102440.3",24.1068510307226,-1.42941979898148,0.368786835832562,-3.87600548635219,0.000106185290610078,0.00826463136007109
"Solyc01g102640.2",44.7932098118096,0.898136528546428,0.282123831103187,3.18348338399649,0.00145514464770966,0.0460761306657425
"Solyc01g103030.3",215.578833441547,1.63963606255689,0.482381462678139,3.39904451023838,0.000676217105628999,0.0283476323376676
"Solyc01g103430.4",1345.74352431527,0.531698607777541,0.111538957224471,4.76693185061343,1.87052544663132e-06,0.000400364388865512
"Solyc01g103590.4",780.769300757492,2.85881434071124,0.404877653184798,7.06093388514677,1.65387276954132e-12,2.09075294627263e-09
"Solyc01g103700.3",73.0482016945988,-2.33437901229849,0.436545729986759,-5.34738711650963,8.92330292301829e-08,3.00958671312708e-05
"Solyc01g104110.4",7.12884148065372,2.74278038740818,0.865214292992731,3.17005903580378,0.00152407968840702,0.0477159126075108
"Solyc01g104550.3",24.6457179116566,3.01696348404171,0.717041670745642,4.2075148588009,2.58194431102897e-05,0.00283826526470621
"Solyc01g104860.3",62.6642141140664,-1.5578446737483,0.438351018458865,-3.55387488142563,0.000379599760362351,0.018777534812591
"Solyc01g105000.3",47.8001865804421,6.14977798217814,1.19955391658416,5.12672077274376,2.94832282372553e-07,8.75062214081737e-05
"Solyc01g105450.4",8964.40533134514,-3.6560718051941,0.606445437575869,-6.0286904289501,1.65293556077417e-09,1.11498016917676e-06
"Solyc01g105680.4",1850.08290371952,-0.381785048982531,0.120974653144019,-3.15590943276372,0.00159998532748154,0.049057401363277
"Solyc01g105890.3",551.367288638419,2.84469012953669,0.879509376806936,3.23440568634339,0.00121896172759875,0.0412372158911065
"Solyc01g106310.3",66.9737796495188,-0.824040351402392,0.261094729214546,-3.15609722908371,0.00159895550326993,0.049057401363277
"Solyc01g106360.3",1339.26706147131,0.647598275830192,0.158012762423058,4.0983922178155,4.16029884136284e-05,0.00404402848073087
"Solyc01g106780.3",452.717287030344,0.983343336000757,0.300075571669667,3.27698562908431,0.00104921709510301,0.0376702782854725
"Solyc01g107340.4",497.901043523831,-0.96879526430651,0.306380652062466,-3.16206411137538,0.00156655070621911,0.0485674355437847
"Solyc01g107390.4",38.4799949397575,6.78179585491158,0.942178928088059,7.19799143531443,6.11059817724668e-13,9.06812769503407e-10
"Solyc01g107910.4",737.021433021391,-0.855849820283413,0.249702986454844,-3.42747130274384,0.000609230692239858,0.0263306810633992
"Solyc01g108030.4",601.044803115158,0.946485990669711,0.238112416608597,3.97495436882454,7.03927513212526e-05,0.00619344918739559
"Solyc01g108610.3",318.342578266976,-1.41948587787387,0.434368180287147,-3.26793246442566,0.00108336213593882,0.0383396520604104
"Solyc01g108880.4",99.2242928626136,1.22952293750173,0.355030050664921,3.46315173940629,0.00053388722343793,0.0237686591874566
"Solyc01g109710.3",951.932328607104,1.52887863229106,0.327295902500408,4.6712428130357,2.99382782963306e-06,0.00057950093467506
"Solyc01g109950.4",147.65535873886,-1.83761889867311,0.501161591552029,-3.66671933693534,0.000245682192846772,0.0139512388080845
"Solyc01g110440.5.1",19187.7031302857,0.8148187145519,0.247904954292013,3.2868190023831,0.00101325937069699,0.0365561646543193
"Solyc01g111040.4",895.185852947075,-0.729313604958867,0.194009077921177,-3.75917257467291,0.000170476221335494,0.0110313973457212
"Solyc01g111240.4",3188.4365738218,0.589978962392106,0.168367499521901,3.50411429799349,0.000458128680524158,0.0213793384244607
"Solyc01g111560.3",2070.5094860401,-0.832916365733907,0.169257222482933,-4.92100929883742,8.60990392509094e-07,0.000212951623747249
"Solyc01g111580.3",863.235338887945,-0.361648191018546,0.103842425272007,-3.48266318001759,0.000496452554531316,0.022692061322109
"Solyc01g112200.3",25.6824721469764,1.35802068036157,0.388479164943959,3.49573620134165,0.000472755827870216,0.0219698219799395
"Solyc01g112260.4",1879.28331502487,-1.0232517246531,0.205244269621903,-4.98553127226458,6.17917833522102e-07,0.000163748225883357
"Solyc02g014350.4",790.350693457334,0.336345134416417,0.0951176375695459,3.53609638559931,0.000406086502457881,0.0197310239832644
"Solyc02g014470.4",146.789869932335,-1.71439452428304,0.43843468155982,-3.91026211289613,9.21960203963157e-05,0.00746284877826178
"Solyc02g031980.3",114.875200213508,0.592179557586042,0.166711577043212,3.55212018318648,0.000382140274771715,0.0188612916106838
"Solyc02g032840.1",59.6189125860052,-1.80033895601475,0.498919329775737,-3.60847705945567,0.000307999743365057,0.0160188651572574
"Solyc02g037550.3",3160.68153994965,1.91299182730271,0.337768544342032,5.66361746630135,1.48214625170847e-08,6.46913246333934e-06
"Solyc02g062330.3",52.0879753691713,1.78486461255699,0.478519158703528,3.72997523734013,0.000191498590102021,0.0119754954542686
"Solyc02g062400.3",31.0595620191574,1.87312610547692,0.504181436304239,3.71518261205201,0.000203056996423251,0.0124190479962696
"Solyc02g062460.4",31.2080888607028,1.7034248501918,0.523247209441849,3.25548769196277,0.00113197802725202,0.0391166888904746
"Solyc02g062490.4",7.81125461286007,7.88190202453807,1.94078377541454,4.06119533993659,4.88220993984428e-05,0.00460499971444634
"Solyc02g062500.3",199.916760572266,1.4875259824259,0.255271418153026,5.82723280651102,5.63539732522334e-09,2.98676058236837e-06
"Solyc02g062610.3",5787.2202383306,-0.572755289458368,0.173316950768439,-3.30466977937779,0.000950883634929183,0.0352337268334241
"Solyc02g063390.4",406.664127008433,1.76556715872504,0.390224087854813,4.52449557491678,6.05397195556046e-06,0.00105282356039669
"Solyc02g064720.3",234.44430460688,-1.1474555873828,0.321405412161541,-3.57011905825057,0.000356819014160835,0.0179701159620366
"Solyc02g064945.1",55.7730630347043,-1.32296866388916,0.373699450023467,-3.54019430268385,0.000399832544327398,0.0195131443078146
"Solyc02g068250.4",13.3751941882942,5.27862173249364,1.40141540266911,3.76663601844256,0.000165461955409223,0.0108648469835083
"Solyc02g069280.2",35.2403588779197,-2.346745420397,0.488089930274941,-4.80801851223416,1.52433652936525e-06,0.000349811661274954
"Solyc02g069350.4",802.78713930828,-0.412753221949859,0.115782580656486,-3.56489913775934,0.0003639961387536,0.0182079866261913
"Solyc02g069740.4",52.8595800096674,1.03010426964068,0.279322200757485,3.68787109240573,0.000226138156304757,0.0133900419538229
"Solyc02g070050.3",1809.12602433911,-0.335576779526886,0.102031450729126,-3.28895430897849,0.0010056034698691,0.0365162456399088
"Solyc02g070760.4",867.222424819249,-0.79942304506242,0.204673951227966,-3.9058367724187,9.38998826177198e-05,0.00754588948400882
"Solyc02g071120.3",2612.44228130396,-0.373055085453684,0.0888735341641913,-4.19759480662123,2.69764736721332e-05,0.00291503060165866
"Solyc02g071160.4",787.995024642997,-0.341722882915403,0.106254421269941,-3.21608154118359,0.00129953901990547,0.042729303667793
"Solyc02g071300.1",10.6008650371925,1.99498862573685,0.631830359378128,3.1574750977468,0.00159141828598899,0.0489946997118958
"Solyc02g071720.2",632.389991587315,1.12203161322293,0.281296318070281,3.98878883634229,6.64115055289758e-05,0.0059132804523
"Solyc02g071730.4",124.488412110784,1.40243195348837,0.432419814663793,3.2432185249854,0.00118187525425784,0.0402329054888584
"Solyc02g072240.3",893.005095693913,-1.4252931269435,0.381564190329177,-3.73539541463231,0.000187420460666224,0.0118186386811052
"Solyc02g072300.4",3713.26075872826,-0.274127389454447,0.0784898724085543,-3.49251923901167,0.000478487125890716,0.0221437077387263
"Solyc02g076690.3",2130.65372340371,1.07265625013086,0.334142206300452,3.21017886967072,0.00132652397929702,0.043247259132062
"Solyc02g077560.3",1351.30051933505,0.720232729754191,0.148205084914867,4.85970322926445,1.17561846417937e-06,0.000282532671629734
"Solyc02g077880.3",1150.85536363794,1.45339503966921,0.399851865675472,3.6348337082634,0.000278159996135362,0.0149561389226405
"Solyc02g078000.2",674.127100476781,0.399359987860759,0.114380002225398,3.49151932235302,0.000480281725107654,0.0221806456450132
"Solyc02g078020.3",252.110117832825,0.883768758612271,0.219133923464024,4.03300750811118,5.50675195489066e-05,0.00506530159156472
"Solyc02g078480.3",1464.53086273265,-0.527076663058874,0.140472060289776,-3.75218147987281,0.000175302486040686,0.0113108212732338
"Solyc02g079070.4",40.6024923962743,-1.60486740195587,0.426280084760818,-3.7648190927248,0.000166669706025456,0.0109119636944901
"Solyc02g080220.3",423.43533182497,3.02053847060483,0.86292303979356,3.5003567309171,0.000464635920818523,0.0216376476933479
"Solyc02g081560.1",64.2138599036359,0.98802144966033,0.27795789245922,3.55457238835299,0.000378594276877685,0.0187695069115752
"Solyc02g081570.4",16.0004073541058,2.68151337979213,0.711100570188103,3.77093408754096,0.000162637629904522,0.0108069063930587
"Solyc02g081690.1",104.575300095418,2.14727472922118,0.561070962529936,3.82710008648257,0.000129661802870066,0.00940153658595332
"Solyc02g081770.2",107.633683403658,2.43744236789929,0.693845820080106,3.5129452356114,0.000443168810144368,0.0209002917665543
"Solyc02g082150.1",24.7915651647502,-1.51043032545554,0.465508414520218,-3.24468963039537,0.00117578700931319,0.0401426669130547
"Solyc02g082260.3",2441.65251229725,2.69891013767623,0.734664697532393,3.67366248404392,0.000239098515474919,0.0137695624832364
"Solyc02g082870.4",33.8887146704873,2.6530404379081,0.80394860591424,3.30001248635924,0.00096680526842462,0.0356900253318939
"Solyc02g082900.3",565.290423627904,0.969325321981351,0.295918143580639,3.27565356504477,0.00105417785653597,0.0377425042121843
"Solyc02g083820.1",715.293631133967,-0.605798708665091,0.175816435464111,-3.44563184360971,0.000569725967985801,0.0249647638727636
"Solyc02g083850.3",745.254287382371,0.980865500126258,0.247793425975595,3.95840001107561,7.54535159122058e-05,0.00648492380002201
"Solyc02g084540.3",62.0473021967654,-1.35329466691515,0.400876919615094,-3.37583582565575,0.000735918184792703,0.0299479685438493
"Solyc02g084970.4",43.4620564887959,1.70495243610816,0.539351116794698,3.16111783774639,0.00157164903101,0.0486486258421684
"Solyc02g085010.1",198.138871399266,1.01395995436879,0.280152221814724,3.6193179115294,0.000295380573671322,0.0155294341582889
"Solyc02g085030.4",477.337729003589,0.70469457799054,0.208001142935381,3.38793608556981,0.000704206721827925,0.0292416053157126
"Solyc02g085120.3",590.142473926179,-0.984495301210463,0.243784171887826,-4.03838893061304,5.38195659884355e-05,0.0049917647454274
"Solyc02g085590.4",57.3947366296735,-2.16683361977702,0.603685271497963,-3.58934319268766,0.000331512170253399,0.0170033661517066
"Solyc02g085670.3",317.109438168264,0.980391408021671,0.164779266480825,5.94972552651674,2.68592517224112e-09,1.53304344446378e-06
"Solyc02g085940.4",4569.05054279444,-1.79168716344695,0.533494481233415,-3.35839868353398,0.000783954539704978,0.0312738854011341
"Solyc02g086430.4",42.3779149052384,-1.84193698433645,0.562409530235599,-3.27508138698297,0.0010563153694605,0.0377425042121843
"Solyc02g087520.3",42.550040148706,0.996077611088619,0.291335940672805,3.4190001027278,0.00062851702723482,0.0268022778280596
"Solyc02g087780.3",743.500294817465,0.712012451675643,0.22021232228782,3.23329977304828,0.00122369082412325,0.0413343820105972
"Solyc02g088300.3",778.991180311066,0.45398902735404,0.123302871547102,3.68190149716516,0.000231500859774088,0.0135378390855689
"Solyc02g088953.1",6.38266679628906,2.33099710929432,0.704381028994692,3.30928434092152,0.000935347929347162,0.0349343035356843
"Solyc02g089065.1",6170.85576419986,-0.533366262560096,0.166285509070458,-3.20753302883475,0.00133878686523881,0.0435056870368116
"Solyc02g089130.4",207.405006387627,-1.61493291684527,0.423344470471144,-3.81470180783984,0.000136347474313733,0.00966590693701815
"Solyc02g089640.3",1144.77481059238,-0.423250350194826,0.120596270994526,-3.50964707867325,0.000448701823172252,0.0210230623406424
"Solyc02g090340.2",912.673923174831,2.28167351116159,0.313058854027355,7.28832129105735,3.13840826760584e-13,4.99006914549328e-10
"Solyc02g090350.4",1212.45723407495,0.970555659277142,0.24170611094425,4.01543699282392,5.93357496134961e-05,0.00540821906106481
"Solyc02g090750.4",51.5674612387444,1.21666762178664,0.246084035943711,4.94411438401856,7.64907848632585e-07,0.000197986612913504
"Solyc02g091710.3",97.12466494909,1.13144785534261,0.24710104921753,4.5788872970206,4.67455971376666e-06,0.000852915567446277
"Solyc02g092000.3",958.154917329241,-0.427099506367603,0.134885474759141,-3.16638620377959,0.00154345723018232,0.0480522488725293
"Solyc02g092570.1",93.2761760953252,-1.39135240471506,0.396493279126797,-3.50914499176192,0.000449549760743298,0.0210230623406424
"Solyc02g092590.3",375.796889289758,1.00067820231558,0.25674326313695,3.8975830956149,9.71574895891526e-05,0.00769653280517629
"Solyc02g092790.3",4835.87314754271,-1.71095889040154,0.388028116334948,-4.40936833794958,1.03672564666884e-05,0.00149853979836677
"Solyc02g093090.1",178.503897560419,-1.19065344114899,0.351822664859759,-3.38424314312893,0.00071374766155854,0.0295316411641136
"Solyc02g093180.3",713.266693927671,3.22019891265633,0.67420777688536,4.77627079226628,1.78575884164062e-06,0.00038971560602863
"Solyc02g093310.3",223.228220829312,0.761608384927424,0.230690687675184,3.30142665316331,0.000961944821281874,0.0355695875776321
"Solyc02g093430.3",1210.75729380395,0.641766034782046,0.158752358578891,4.04256063044961,5.287063537588e-05,0.00492426921952757
"Solyc02g093640.3",1827.8833981577,-0.350701923123894,0.0945664906138785,-3.7085221292163,0.00020847244390274,0.0126792256865437
"Solyc02g094050.4",214.495402160401,-1.43339859376094,0.350346487536374,-4.09137423880156,4.28824473017134e-05,0.00415027511711365
"Solyc02g094400.4",79.0979044664366,1.29401663197593,0.353046090990105,3.66529092093019,0.000247057578714521,0.0139936430081049
"Solyc02g094570.3",189.30154160453,-0.655420688713127,0.151624763257408,-4.32264937885141,1.541666333417e-05,0.00194985753306037
"Solyc03g005160.4",78.0599159217298,-2.58822383303497,0.566528181656851,-4.56857031448201,4.91062331783418e-06,0.000888703049227552
"Solyc03g006070.3",1487.44946111883,-0.375057149403778,0.096938152025372,-3.86903547847304,0.000109266743396335,0.00844823169713035
"Solyc03g006250.2",1705.74918373454,1.84433029092913,0.452002540740917,4.08035381373284,4.4967202211203e-05,0.00431452552250595
"Solyc03g006900.2",6.90227466717351,1.81280497165913,0.551230668482933,3.28865042405612,0.00100668973710742,0.0365162456399088
"Solyc03g006910.3",76.7657122499097,6.46288144975,1.04466033703747,6.18658641532994,6.14809880270415e-10,4.8877385481498e-07
"Solyc03g007440.4",629.392711602981,-0.436232548783933,0.132682635248924,-3.28778930238704,0.00100977380608551,0.0365231853069516
"Solyc03g007900.3",355.131036985679,-0.575187374159481,0.181470763371308,-3.16958700935527,0.00152655744797807,0.0477263606629098
"Solyc03g025770.4",15.6035984335289,3.79730463736917,0.850957695122555,4.46238944560256,8.10507475573692e-06,0.00128870688616217
"Solyc03g026160.4",62.4753063072817,1.72568642224067,0.302062056012386,5.71301951996878,1.10988942317778e-08,5.25662522551859e-06
"Solyc03g026220.3",5149.45486846173,-0.599647642361092,0.1773779884869,-3.38062037728756,0.000723223877822949,0.0297451692981397
"Solyc03g031970.4",1749.64608743052,0.374514196221589,0.116104661295899,3.22566029685165,0.0012568243371525,0.0420705409699468
"Solyc03g032020.4",262.989973155029,1.04546753136049,0.216612257982553,4.82644676297449,1.38990525426383e-06,0.000325676746946451
"Solyc03g033360.3",76.4066181825471,-1.24170729430103,0.336212095374195,-3.69322612536899,0.000221426962452867,0.0133215248221644
"Solyc03g033680.1",7.10820076883874,2.79482609428411,0.779040016708166,3.58752571670663,0.000333830816168782,0.0170437476328373
"Solyc03g034010.3",186.256661232467,-0.753552681993273,0.211490448618462,-3.56305774996352,0.000366559998738805,0.0182951246007305
"Solyc03g034250.4",468.392806742573,-0.391082255035205,0.112641908635264,-3.47190721263018,0.000516774918025111,0.0234763462759979
"Solyc03g044850.1",4.17902785269799,3.08648370684694,0.828630595303657,3.72480056172181,0.000195469696278122,0.0121202101369109
"Solyc03g150117.1",222.767110820774,0.977596871305864,0.30609832060197,3.1937348410907,0.0014044505299972,0.0447254203114989
"Solyc03g070440.4",216.791290135388,-1.6481057988819,0.35171222469558,-4.68594971445304,2.78664682644721e-06,0.000544129459269429
"Solyc03g082520.1",37.69102185454,-1.300952862855,0.407463246639544,-3.1928103297274,0.00140895459090855,0.0448047559908919
"Solyc03g083710.1",63.1723425249347,1.63308001046239,0.463829526181008,3.52086255462979,0.000430145514115762,0.0205472943008945
"Solyc03g083720.1",121.173771435659,-1.8624238667536,0.558738167097654,-3.33326766708617,0.00085832323991067,0.0331635498930278
"Solyc03g093140.3",541.754435651868,0.955135114496035,0.194033398284058,4.92252943535912,8.54327093306361e-07,0.000212951623747249
"Solyc03g093360.3",101.324339773094,2.33941656293165,0.664276748434572,3.52174988578886,0.00042870841219156,0.0205226865707185
"Solyc03g095700.1",11.9283977473703,3.03074324726163,0.722608171758454,4.19417239620523,2.73869641835347e-05,0.00293093184002635
"Solyc03g095940.1",96.4334164021665,1.87427704806923,0.496793557964289,3.77274829357581,0.00016145915554946,0.0107860418862355
"Solyc03g096050.3",1037.28345746093,1.32363728882181,0.349648029714426,3.78562776373396,0.000153321035249861,0.0105269969145272
"Solyc03g096460.4",170.859822156654,3.97820801009204,0.714579929579231,5.56719807738589,2.5886807559813e-08,1.04770970232989e-05
"Solyc03g096840.4",2402.8792935442,1.58265351625883,0.19892641399767,7.95597469664018,1.77726723999367e-15,3.95619687622591e-12
"Solyc03g097000.3",421.182028560047,0.407460629189888,0.128648707170201,3.16723454244138,0.00153896142459743,0.0480077290693494
"Solyc03g097380.4",1789.81155870818,-0.968729173906519,0.303981229378045,-3.18680589551062,0.00143853280392803,0.0456150145519059
"Solyc03g098240.3",53.7411327003915,1.80911080326618,0.35925546232885,5.03572246762439,4.76049878777599e-07,0.000129230125629138
"Solyc03g098780.2",27091.0158726765,2.9651507503385,0.516524690038406,5.74057892589419,9.4353433049839e-09,4.66734982153203e-06
"Solyc03g098790.3",42294.5510856994,9.45085218009091,1.58334104282677,5.96893020799746,2.38814231107482e-09,1.43675804985204e-06
"Solyc03g098795.1",20625.9350541213,8.04797928270349,1.00420631164293,8.01426877066388,1.10794188240135e-15,2.74030958913933e-12
"Solyc03g019890.3",257.429695712148,2.20237626813361,0.600307522632869,3.66874674246007,0.000243742382628359,0.013876484494392
"Solyc03g019860.3",200.440692839582,0.50325804100872,0.119566415818046,4.20902506414986,2.56474940291384e-05,0.00283826526470621
"Solyc03g111290.2",127.842063817628,2.50713618651921,0.708053095049792,3.54088726403054,0.000398783931074532,0.0195097369356463
"Solyc03g112280.3",48.7747962772384,2.29106056032125,0.313786522671481,7.30133512687503,2.84926072893688e-13,4.99006914549328e-10
"Solyc03g112880.1",344.379408958629,-0.855860084932446,0.26625744639422,-3.21440807204791,0.00130713762151207,0.042915757308051
"Solyc03g112950.4",707.592176583209,0.745503720307731,0.229493421904473,3.24847533372022,0.00116025267943731,0.0397341917604223
"Solyc03g114560.2",147.062189322723,2.47462632164031,0.772915727973363,3.20167675734708,0.00136630221571643,0.0439507042223233
"Solyc03g114730.3",2991.48872276312,-0.738837607546979,0.123327717074282,-5.99084800298353,2.08749672297595e-09,1.30972510667356e-06
"Solyc03g115010.3",61.7955144363892,1.3344185060968,0.289928866550885,4.60257207904684,4.17305070582937e-06,0.000780605955561024
"Solyc03g115220.4",695.014351503814,1.36060039928678,0.397726329294918,3.42094626146282,0.000624036615794547,0.0266622937957516
"Solyc03g115570.1",20.8796335184076,1.49070869471737,0.424545976982689,3.51130095569874,0.000445919257103462,0.0209748661282407
"Solyc03g115810.3",1288.23754272185,0.267770817539418,0.0848157884494916,3.15708693433744,0.00159353830150101,0.0489946997118958
"Solyc03g116200.2",1377.60738849809,5.34201462889611,0.953067556645217,5.60507446890745,2.08165444095619e-08,8.74294865201599e-06
"Solyc03g150157.1",3.50750570303382,-6.85519382993133,1.83451428176973,-3.73678956770955,0.000186384780328076,0.0118095269683075
"Solyc03g116270.3",70.6940614789296,-2.24197053469553,0.437944950178877,-5.11929760528076,3.06675690533268e-07,8.9801274864796e-05
"Solyc03g116590.3",1175.06357579412,0.777952130240386,0.185676436915232,4.18982690084446,2.79167334034389e-05,0.00297333246679689
"Solyc03g116800.4",744.917876967417,-0.796283700117751,0.247031324785718,-3.22341185195226,0.00126673279063374,0.0423385464256863
"Solyc03g117150.3",4.35048885764862,4.48454975032282,1.38794351851395,3.23107510536477,0.00123325529805518,0.0415943377798612
"Solyc03g117860.3",966.516026005405,2.14103086540291,0.620305050933578,3.45157735243425,0.000557319980119296,0.0246149657886022
"Solyc03g117960.4",87.1245888338385,1.02036276727813,0.307856520757139,3.31441011796228,0.000918366999603238,0.0344155713992728
"Solyc03g117980.3",1221.70010653579,0.905778497488193,0.257715329471388,3.51464734110337,0.000440338322165628,0.0208108939520316
"Solyc03g118190.4",14.326101356053,3.40766474765992,0.756651229439754,4.50361357396201,6.68076378082799e-06,0.00110980449075546
"Solyc03g118710.3",1310.53541132741,-0.79914611484439,0.189748367672544,-4.21160995821323,2.53557077494375e-05,0.00283826526470621
"Solyc03g119200.4",103.339045552947,2.40282115219164,0.548134474513631,4.38363442533642,1.16715572482243e-05,0.00158667956257668
"Solyc03g119350.3",68.1235905581947,-0.869791154193351,0.250246564265574,-3.47573664695866,0.000509452296569594,0.0231910186536588
"Solyc03g119710.4",1047.948109036,-0.332954492056158,0.0878597560421761,-3.78961320921865,0.000150882037051253,0.0103982481261947
"Solyc03g119720.4",361.895537965799,0.615338810141622,0.144971096469721,4.24456202047242,2.190207860343e-05,0.00255256685713273
"Solyc03g120770.4",466.430045346421,0.421153000302283,0.131527274077325,3.20202029013912,0.00136467385424021,0.0439507042223233
"Solyc03g120790.1",60.3132457508718,2.61715814100273,0.80201140787,3.26324303534963,0.00110145019405716,0.038550587049275
"Solyc03g120900.3",61.1345132979078,1.46569378495581,0.435575769887386,3.36495711259317,0.000765555575975621,0.030871860726843
"Solyc03g121170.3",559.54052894539,-1.85971056563211,0.298728549306181,-6.22541959900194,4.80268898910758e-10,4.11184064990518e-07
"Solyc03g121270.3",6853.99006424023,0.942036739062949,0.179193162850925,5.2571020237343,1.46343135631795e-07,4.58816647769543e-05
"Solyc03g123390.4",2840.25890834527,1.7593501986085,0.45036923440347,3.90646177450114,9.36574513915408e-05,0.00754588948400882
"Solyc03g123610.4",1746.76653932961,0.661991186840879,0.172322897191458,3.84157414731357,0.00012224779544841,0.00904065091920797
"Solyc03g123720.4",1256.94937695051,-0.426074907250258,0.113068991241653,-3.76827371122155,0.000164380404832454,0.0108578866812179
"Solyc03g123740.4",1947.62666001276,-0.352433123446233,0.108669078319685,-3.24317762601645,0.00118204493215244,0.0402329054888584
"Solyc03g124068.1",241.513895781707,0.711339221802223,0.184033867090586,3.86526259023881,0.000110969744745935,0.00845954287001546
"Solyc04g007560.3",1000.01779787968,0.514855841998335,0.133440853175898,3.85830748039107,0.000114174952016429,0.00858626497258686
"Solyc04g008210.2",1899.80524822563,-0.993437529635276,0.280047248794894,-3.54739257004045,0.000389064388191643,0.019118263313788
"Solyc04g008380.4",1972.7642301764,-0.262894498039635,0.0800841524098471,-3.282728106982,0.00102807771614715,0.0370307604553972
"Solyc04g009800.3",974.642851173082,0.456411462190405,0.136663747116174,3.33966740866855,0.000838787785043572,0.0326423358305418
"Solyc04g010250.3",1373.61356217113,1.6016839802127,0.402639115572785,3.97796418247685,6.95078388140915e-05,0.00613985909524475
"Solyc04g010285.1",39.9117811619782,-2.04866648705201,0.569256397381115,-3.59884666466108,0.000319631570488931,0.0165465087420549
"Solyc04g013200.1",186.702013290996,-2.49593471372447,0.443063245659593,-5.63335988298633,1.76732115468095e-08,7.56549401984578e-06
"Solyc04g014410.4",76.9149948746491,-1.38400074673975,0.329906274825957,-4.19513314037413,2.72711349708884e-05,0.00293093184002635
"Solyc04g014510.3",892.017696528211,-2.03176559783314,0.477027487441665,-4.25922122167352,2.05140369561935e-05,0.00244193830291372
"Solyc04g015970.3",3760.78047286365,0.914528212540856,0.208378513384697,4.38878364993662,1.1398639452767e-05,0.00158667956257668
"Solyc04g016000.3",83.8112190789053,3.30078426389962,0.534272451353285,6.17809182475887,6.48809775746256e-10,4.98017434762471e-07
"Solyc04g016060.1",137.07015485437,1.17731549979648,0.349251518370663,3.37096744858526,0.00074904707951683,0.0303159781637175
"Solyc04g016190.1",83.2387040760441,2.92384396702265,0.827878386378951,3.53173124836756,0.000412848708960068,0.0199782875248937
"Solyc04g016200.1",1135.66755036452,1.74268132772317,0.400437894403523,4.35193909487262,1.34938751078075e-05,0.0017879384517845
"Solyc04g028580.3",53.0058806152461,1.04757182941003,0.285316752975247,3.67160995099685,0.000241027343135234,0.0138280120056451
"Solyc04g050170.4",46.5332232717505,2.0080700776388,0.592576869329815,3.38870816862944,0.000702227037060594,0.0292416053157126
"Solyc04g050570.3",93.9875951773816,6.32082404744599,1.55871723713315,4.05514476703387,5.01032625696799e-05,0.00470590137046867
"Solyc04g050620.3",589.283479407561,2.47875270417026,0.264221678550179,9.38133735949115,6.51411614560658e-21,4.83347418004008e-17
"Solyc04g051680.4",472.322911825297,-0.744636477877214,0.216488133347032,-3.43961798905418,0.000582535800250015,0.025376217051987
"Solyc04g055255.1",131.362707439776,5.0741907804755,0.776277562099684,6.53656762505253,6.29466833264258e-11,6.3690598674829e-08
"Solyc04g056390.3",5579.97968815332,0.849398588103933,0.205811243060155,4.12707573927664,3.67405413836847e-05,0.0036818259512037
"Solyc04g056450.4",12.6067713116921,3.44018854227885,0.905738738047045,3.79821288167114,0.000145743125917903,0.010236549384774
"Solyc04g057960.4",714.1435933597,0.630586333612292,0.147535553769087,4.27413133649972,1.91883909673268e-05,0.00229641711254136
"Solyc04g058100.3",73.8070249129038,-3.81144561583615,0.522516667826709,-7.29440006514816,2.9999279858393e-13,4.99006914549328e-10
"Solyc04g063230.3",7010.94784814616,-0.500301436258606,0.151884001428027,-3.29397060621743,0.000987828278505789,0.0361662129597679
"Solyc04g063350.3",380.548966726612,2.04202940042021,0.51286223852827,3.98163336470258,6.84432997290025e-05,0.00606991176082708
"Solyc04g064770.1",20.2357225303962,-4.76963583712804,1.13322043560075,-4.20892148366485,2.56592526288945e-05,0.00283826526470621
"Solyc04g071120.3",178.300140406763,1.36545500259581,0.253258271852188,5.39155144907863,6.98519531843523e-08,2.54902373423554e-05
"Solyc04g071940.3",1983.84855237652,-0.765377990653853,0.198242695804158,-3.8608130682906,0.000113010339761615,0.00855649715337941
"Solyc04g071960.3",491.054514725605,-1.42079893539683,0.42944508501164,-3.30845312936418,0.000938128864131767,0.0349774068523985
"Solyc04g072800.4",113.129814731715,1.17595415199552,0.357596023906289,3.2884989579853,0.00100723157335597,0.0365162456399088
"Solyc04g073990.3",298.102452405708,1.30229280851193,0.354524434518579,3.67335134538853,0.00023938996770047,0.0137695624832364
"Solyc04g074400.1",6.06616296203982,3.3452442680478,0.969500919946916,3.4504807568733,0.000559589059388413,0.0246662424989823
"Solyc04g074510.3",4394.8637801803,-0.562983821426941,0.150964848731303,-3.7292378070671,0.000192059832757139,0.0119754954542686
"Solyc04g074770.2",5129.12678048646,1.78752630464168,0.36788697273811,4.85890079590881,1.18039256341264e-06,0.000282532671629734
"Solyc04g074870.3",459.753621849696,0.656761838830477,0.190040267487659,3.45590883191704,0.000548440784569758,0.0243193065030335
"Solyc04g076300.4",1483.03822040507,1.07338626555624,0.210431671517529,5.10087791355507,3.38081598709113e-07,9.64832870162161e-05
"Solyc04g076920.3",521.35561682947,-0.321391055088261,0.0984222351895904,-3.26543137807393,0.00109297484648474,0.0384962343081493
"Solyc04g077140.3",492.996004513012,-1.37744912592132,0.313376674313863,-4.3955062352271,1.10514891463764e-05,0.00158667956257668
"Solyc04g077190.4",516.67232846661,-0.986755254737843,0.229232729065616,-4.30460021463773,1.67287553823285e-05,0.00205735963983775
"Solyc04g077470.3",1656.46331778741,-0.828864498966692,0.200463197878288,-4.13474646588217,3.55346712775001e-05,0.00361188028601439
"Solyc04g078690.3",779.580004608087,-0.801138929473338,0.177848239605529,-4.5046210817171,6.64914778208652e-06,0.00110980449075546
"Solyc04g078700.3",2049.96062471931,-0.435845367158624,0.137618163377667,-3.16706280959824,0.0015398705550546,0.0480077290693494
"Solyc04g078740.2",439.366726870217,-0.925713023168946,0.284098978194738,-3.25841729192848,0.00112035528778677,0.0388459637167189
"Solyc04g078750.3",3450.77638692447,-0.96530835106309,0.195442197108978,-4.93909895274476,7.84843804587047e-07,0.00020081175965641
"Solyc04g078980.4",1.69662836820636,5.55697995924655,1.53132294849267,3.62887525764338,0.000284658740287934,0.0152319797086765
"Solyc04g079730.1",1878.66016076477,1.70327897179224,0.474742459965068,3.58779573227464,0.000333485386574919,0.0170437476328373
"Solyc04g079860.1",209.252352218353,-0.883043272170366,0.234398452811259,-3.76727432105282,0.000165039619493391,0.0108648469835083
"Solyc04g079890.4",56.9360990326265,3.8453184406889,0.812881300652715,4.7304796378035,2.23989993847833e-06,0.000461999158547418
"Solyc04g079960.1",1048.01572092483,-1.01071434020119,0.293137517026698,-3.44791874630342,0.000564923957425717,0.0248031702017682
"Solyc04g080290.3",4194.14005461342,0.740540586212669,0.200806616287993,3.6878296138938,0.00022617501233771,0.0133900419538229
"Solyc04g150172.1",68.3734543809657,-1.92099441858254,0.476293272396079,-4.03321762014112,5.50182844706906e-05,0.00506530159156472
"Solyc04g080550.4",370.495510760879,-0.96481869545701,0.248838818106989,-3.87728370837295,0.000105629159787359,0.00825019332233897
"Solyc04g081300.4",2192.27516287619,-0.729993839584083,0.213622983905062,-3.41720645522162,0.000632672813338535,0.0269279097990741
"Solyc04g081690.2",39.2787929538954,1.16362082926396,0.316304242003429,3.67880247793623,0.00023433165948164,0.0136193805223533
"Solyc04g081890.1",137.434549567091,-1.03740004247919,0.293415687439631,-3.53559842533173,0.00040685265086785,0.0197310239832644
"Solyc04g082510.3",638.229097878757,-0.392572894188063,0.119982312977437,-3.27192303970576,0.00106818648841227,0.0380445299712913
"Solyc04g082710.4",2782.01261625059,-1.41211287513913,0.275971539160791,-5.11687864420099,3.10633340727282e-07,8.9801274864796e-05
"Solyc04g082830.3",393.410793457359,2.37614418029775,0.635739803022769,3.7376048644427,0.000185781612845971,0.0118095269683075
"Solyc04g082950.4",485.407421062771,-0.501506732441784,0.159006681461774,-3.15399785613631,0.00161050268933218,0.0492442168468877
"Solyc05g005190.3",4644.90767989189,-0.52631598005495,0.136243420201553,-3.86305613347303,0.00011197726379409,0.00850721464865682
"Solyc05g005290.4",256.229255331454,0.64101911850056,0.193778391140629,3.30800103524112,0.000939644622539727,0.0349774068523985
"Solyc05g005640.4",558.343324774454,0.830086163766774,0.224543446910159,3.69677305300695,0.000218357380589073,0.0132082480758499
"Solyc05g005680.3",51.1009072846724,3.58711577308952,0.86943535369913,4.12579929931266,3.69449358771379e-05,0.0036818259512037
"Solyc05g005810.4",129.881085316344,-1.25846837025167,0.334657919955507,-3.76046193802612,0.000169599879895581,0.0110313973457212
"Solyc05g006030.3",576.493233267526,-0.947529486843735,0.225615779228709,-4.19974830697996,2.67211848373225e-05,0.0029015296316039
"Solyc05g006160.4",87.7973318868758,-1.12636663328238,0.245815738617506,-4.58215832565151,4.60201246895839e-06,0.000846618161644742
"Solyc05g006410.3",69.3404460907998,0.720107020063149,0.217546154452166,3.31013444883249,0.000932511675528943,0.0348869073903769
"Solyc05g006510.2",578.716822429912,-0.998310702015501,0.270468144756673,-3.69104725036522,0.000223332641603213,0.0133900419538229
"Solyc05g006650.3",1462.31093766841,-0.745781600974839,0.171303544464601,-4.35356783367054,1.33939625081555e-05,0.00178532697863198
"Solyc05g006760.4",520.190437948937,1.23566783018096,0.297725563744387,4.15035852024399,3.31954904493831e-05,0.00345295148319285
"Solyc05g007300.3",12.0914534242274,2.0810281755241,0.637600382324123,3.26384398945704,0.0010991166941768,0.038550587049275
"Solyc05g008380.4",210.62791789344,0.687825163603905,0.158454680435487,4.34083210236219,1.41944155847309e-05,0.00184776427436322
"Solyc05g009820.4",1534.6625667931,-1.14645891990996,0.315783270963008,-3.63052455696509,0.000282845790670257,0.0151714392778793
"Solyc05g010080.3",782.600608751877,-1.74973418694128,0.478016480658459,-3.66040556704458,0.00025181634937711,0.0141509076675066
"Solyc05g010800.3",95.012034013575,-2.10655143493447,0.49118282778981,-4.28873184433865,1.79696163577358e-05,0.00218581235039999
"Solyc05g012350.4",33.0647404413109,1.82121986479677,0.544578066181005,3.34427693272436,0.000824973426242173,0.0323087481628916
"Solyc05g012380.3",2372.82110645674,-0.441390054393245,0.137487921503507,-3.21039149887786,0.00132554300299836,0.043247259132062
"Solyc05g013460.4",1188.03465910471,0.660097930508936,0.171017171337149,3.85983422218811,0.000113463973255508,0.00856172218531396
"Solyc05g013540.1",10.9823749854978,4.08547861165643,1.22786512371007,3.32730243148523,0.000876911462477137,0.0335973307310517
"Solyc05g014051.1",4.15498695562806,17.8990420090066,3.94733964659625,4.53445702967079,5.77518574176417e-06,0.00101224909143047
"Solyc05g014280.4",176.516302384979,-1.5065261736817,0.343754327994981,-4.38256641732724,1.17289392478546e-05,0.00158667956257668
"Solyc05g014710.4",84.1442895326371,-2.28086314309507,0.591285837225763,-3.85746283691926,0.000114570091964797,0.0085869705290787
"Solyc05g015610.3",2036.08736561721,0.724849448312637,0.226766550414686,3.19645665106741,0.00139126730158172,0.0444965662833464
"Solyc05g015710.3",530.181052282701,0.714727184112228,0.215306201093918,3.319584761056,0.00090151432374844,0.0340708129824113
"Solyc05g017760.4",1115.48208717639,0.987754513913043,0.294168136182828,3.35778893910911,0.000785685803531721,0.0312868801191701
"Solyc05g018880.1",32.9327784260755,-1.86781091096248,0.409983814812727,-4.55581621390509,5.21825481749617e-06,0.000929266817899718
"Solyc05g023995.1",676.817607939922,2.12414591133377,0.451635380945311,4.70323185683051,2.56075337661833e-06,0.000508949733602892
"Solyc05g047580.4",10.0802814809028,5.5697496830191,1.15204066369747,4.83468149912608,1.33358981553392e-06,0.00031580541801899
"Solyc05g050840.3",147.664322254316,0.709516254070796,0.185335843976722,3.82827325166476,0.000129045441919953,0.00940153658595332
"Solyc05g051240.1",1397.17868914264,-0.668989172527537,0.188996876605551,-3.53968374791591,0.000400606781162232,0.0195131443078146
"Solyc05g051450.2",152.028327446503,1.44333399147824,0.40927202225708,3.5265884619194,0.000420950514567399,0.0202383551928084
"Solyc05g051460.3",869.965598957029,1.05535601697395,0.288790643529449,3.65439823145215,0.000257785887340998,0.0143817389779715
"Solyc05g051900.3",172.952555744181,1.27001817827489,0.381963307823653,3.32497429009918,0.000884266888404908,0.0337253787572698
"Solyc05g052270.3",788.501121783539,-0.541729614189496,0.147104451605871,-3.68261876697601,0.000230850258852551,0.0135378390855689
"Solyc05g052450.3",65.3336079899639,-1.51731506512025,0.447418264565296,-3.39126760190366,0.000695701366500967,0.0290549951563068
"Solyc05g052680.1",10.6837956520591,6.14245653368701,1.42156427806766,4.32091367830125,1.55384455996676e-05,0.00195415705677175
"Solyc05g052715.1",684.511228684895,0.391945575689306,0.108274283480385,3.61993229685339,0.000294680109327085,0.0155294341582889
"Solyc05g052860.3",49.4128680510359,-1.19191446729466,0.329930264898039,-3.61262543666009,0.000303112396357768,0.0158386900068636
"Solyc05g053790.1",12.2350506353041,5.27582667760876,0.877185397579737,6.01449441835833,1.8044898429708e-09,1.18141011483912e-06
"Solyc05g054400.3",509.924211380664,-0.627177914588058,0.166823754491597,-3.75952403480794,0.000170236923141771,0.0110313973457212
"Solyc05g054570.3",899.955410154364,0.80364043576236,0.183189090308548,4.38694484703635,1.14953923432781e-05,0.00158667956257668
"Solyc05g054750.3",109.042812024635,-1.96039981806003,0.600743147539957,-3.26329118540573,0.00110126305908858,0.038550587049275
"Solyc05g055343.2",32.7079286066162,4.20138983068134,1.04276348648409,4.02909181721281,5.59927474110483e-05,0.00512921217024665
"Solyc05g056120.3",2305.92082264578,-0.724320434812858,0.170905895044219,-4.23812434688372,2.25394928622272e-05,0.00259963270006828
"Solyc05g056150.4",280.195483605493,-0.499715552624481,0.150081847739478,-3.32962020491593,0.000869645172762685,0.0333763819753403
"Solyc05g056450.3",131.87124804463,-0.934850042201114,0.269883697165295,-3.46389964277297,0.000532405097386917,0.0237686591874566
"Solyc06g005230.3",868.535773766777,-0.577055158605041,0.15723613796656,-3.66999066542683,0.000242559325995874,0.0138445399914568
"Solyc06g005980.4",80.3963465950262,2.23461578529221,0.68681203210586,3.25360605352321,0.00113950182158037,0.0392044985291793
"Solyc06g007890.3",70.4646948548408,-2.70878509772326,0.722350515525153,-3.74995938883488,0.00017686321122538,0.0113785406990664
"Solyc06g008600.3",518.179185563656,0.362050340829422,0.111018734188377,3.26116437442977,0.00110955699274653,0.0386521731745506
"Solyc06g008690.1",223.71543079158,0.718955103746116,0.160971585740676,4.4663478988419,7.95661838772907e-06,0.00128343713993369
"Solyc06g009130.3",1275.27122778058,0.661098873994691,0.181112616755851,3.65020883600774,0.000262027183145859,0.0145454491192689
"Solyc06g009150.1",275.920767294337,1.3895098899418,0.428713075416989,3.24111852336272,0.00119061669850745,0.0404627903950775
"Solyc06g016790.3",320.562785934081,-0.759947008993301,0.236556786771678,-3.21253521982775,0.00131569015710903,0.0431329350474919
"Solyc06g033860.2",16.4424149879647,-2.06613657201261,0.566927669490105,-3.6444447558379,0.000267969684610012,0.0146560323818645
"Solyc06g034340.3",96.3629093967369,-1.15643219489678,0.361778272465853,-3.19652196638185,0.00139095235012837,0.0444965662833464
"Solyc06g051620.3",75.0797666902934,1.13631475646557,0.312051229342537,3.64143656430926,0.000271120934938824,0.0146673104581389
"Solyc06g051960.3",2959.24800794985,-0.60114503436946,0.171223714934029,-3.51087484932256,0.000446634615668737,0.0209748661282407
"Solyc06g053540.3",6.38028341439303,5.13013694351579,1.4578888250458,3.51888076469385,0.000433371433481661,0.020595716825539
"Solyc06g053870.4",73.7531877411155,4.14751995371789,1.09337840922804,3.79330698202297,0.000148654191322466,0.0103393822149975
"Solyc06g054640.2",44.3372357537213,3.86591660107017,0.457680892854785,8.44675113474042,2.99521275639355e-17,1.33346871914641e-13
"Solyc06g054660.1",55.7572347685466,-1.26148486454656,0.320233151354682,-3.93927005748812,8.17298918004012e-05,0.00688551389061306
"Solyc06g060410.3",57.4977818263822,1.46942372617782,0.317940193743013,4.62169853040205,3.80610848312583e-06,0.000724136537045991
"Solyc06g060760.3",203.354980718172,-1.2937693298514,0.372857967469904,-3.46987175473413,0.000520706924045221,0.0236067945605837
"Solyc06g062370.4",6828.19125731432,4.21074351602995,0.596601856962354,7.05787866211025,1.69063580561129e-12,2.09075294627263e-09
"Solyc06g062490.3",25.9470668833948,1.82930964568887,0.489336589546277,3.73834633413586,0.000185234657195458,0.0118095269683075
"Solyc06g062950.1",10374.5114551664,0.473335790547549,0.125879317811562,3.76023479294764,0.000169753955429972,0.0110313973457212
"Solyc06g064500.3",505.832591611263,1.94208893793872,0.494798387426969,3.9250106453214,8.67259026481432e-05,0.00709749482701349
"Solyc06g066160.3",94.7986557944463,-1.19394990340432,0.272297388667729,-4.38472770247986,1.16130951850329e-05,0.00158667956257668
"Solyc06g066240.4",80.6077318054231,2.16789847975573,0.509658957983978,4.25362577424545,2.10336707631348e-05,0.00247729900099143
"Solyc06g084820.2",403.814346551881,1.49006312593516,0.408539231623449,3.64729507130555,0.000265015525478003,0.0146020930622286
"Solyc06g066800.2",720.746873167068,-1.04296322913183,0.280419464034463,-3.71929684953555,0.000199778152578849,0.0122847007635502
"Solyc06g067910.3",78.7579446323153,2.85561788145264,0.534399259605325,5.34360373845133,9.1116643179708e-08,3.02724847340343e-05
"Solyc06g068440.4",1347.16966688105,-0.788925849793166,0.2214681368742,-3.56225442146244,0.000367683796145168,0.0183101595127325
"Solyc06g068770.3",555.69457438994,-0.878575327160867,0.27313692811414,-3.21661129173176,0.00129714212801312,0.0427135854579468
"Solyc06g150130.1",3014.29676928843,-0.492534036833597,0.155908982316879,-3.15911264068506,0.00158250313883996,0.0488308045099843
"Solyc06g071210.3",2584.64144263817,-0.404426724081174,0.124532147873379,-3.24756884858665,0.00116395500018547,0.0397997516192451
"Solyc06g071730.3",138.433609607587,-0.944501381259843,0.217775298005097,-4.33704552312328,1.4441072380823e-05,0.00186894343719255
"Solyc06g073030.3",8.90402696194085,2.87438807496868,0.843754963128415,3.4066621241684,0.000657624808830504,0.0279365042835248
"Solyc06g073190.3",1001.04809222164,1.21316891090732,0.153992636645148,7.87809688396258,3.32404944080988e-15,6.72666732294798e-12
"Solyc06g073560.4",1115.76680482584,1.65292347678356,0.458331483459658,3.60639305052029,0.000310482738814548,0.0161103630909367
"Solyc06g073580.4",7.0646024619707,5.25740917135439,1.57034610345186,3.34793021729274,0.000814175094283436,0.0319639111089053
"Solyc06g074000.1",838.7014602134,-1.706257973439,0.515963442115157,-3.30693579073027,0.000943225096222539,0.0350520711885037
"Solyc06g074460.4",298.01182785521,0.787797765247965,0.216269643003532,3.64266456589611,0.000269830361482324,0.0146673104581389
"Solyc06g074630.4",844.810788999821,-0.673070739900792,0.164999561730895,-4.07922744060697,4.51856128814868e-05,0.00431687443236865
"Solyc06g074670.4",1799.4757894253,-0.604838416438595,0.183393371322851,-3.29803859362954,0.000973627511892882,0.0358607460849009
"Solyc06g074810.3",500.038261566698,0.399781700400973,0.123417712278187,3.23925709706768,0.00119841495197428,0.0406657268764444
"Solyc06g074850.3",642.550849134865,-1.34632547053273,0.253645216387557,-5.30790798938471,1.10890590985507e-07,3.57742689179333e-05
"Solyc06g075010.4",3167.27948796511,1.28610909791942,0.300341614838901,4.28215416837681,1.85092665378361e-05,0.00222711498990395
"Solyc06g075090.4",945.95454447722,-1.51329629634661,0.349301369881228,-4.33235145015657,1.47525198528176e-05,0.00189821440418336
"Solyc06g075220.1",313.4080646728,-1.62869606879211,0.447230225942157,-3.64173969986268,0.000270801816604522,0.0146673104581389
"Solyc06g076150.3",1102.95281444007,0.417923404096005,0.124978029562796,3.34397498150677,0.000825871848546319,0.0323087481628916
"Solyc06g076450.3",87.4274631098914,-1.10445915158656,0.349637400462804,-3.15887016127172,0.00158382034394468,0.0488308045099843
"Solyc06g082980.3",3977.14029755591,1.5760418188088,0.346573329910583,4.54749884884514,5.42872171893067e-06,0.000959074170344419
"Solyc06g083040.3",15222.9478122336,1.41581122374441,0.41341752293327,3.42465218624256,0.000615586960680628,0.0264026314927761
"Solyc06g083050.3",181.879692797117,1.58069057025015,0.434653624659252,3.63666717720192,0.00027618841709669,0.0148860875655504
"Solyc06g083130.4",403.612578645301,2.17495677412898,0.399718528481988,5.44122080702343,5.29166754014898e-08,1.96320865739527e-05
"Solyc06g083220.3",261.461686198578,0.89408529839217,0.249970450907145,3.57676395408948,0.000347874034015304,0.0175992636299561
"Solyc06g083850.4",86.326240183663,1.02441767119576,0.322630633773332,3.17520273637585,0.00149731848173496,0.0472100699765158
"Solyc06g083860.2",68.0201721734821,2.24823023413355,0.522202037974805,4.30528812727847,1.66768535565304e-05,0.00205735963983775
"Solyc06g083900.3",382.620957573441,6.37356125471816,1.33437629747136,4.7764347034611,1.78430455434284e-06,0.00038971560602863
"Solyc06g084060.3",533.463268970146,-0.65380235717663,0.183381633785427,-3.56525538398047,0.000363502058394387,0.0182079866261913
"Solyc06g084070.3",29.1099075671772,-1.78815329471973,0.521825726879497,-3.4267250589825,0.000610907279325858,0.0263306810633992
"Solyc06g084290.3",473.905480744584,-0.378531399573154,0.110424601393811,-3.42796256264656,0.000608129316147199,0.0263306810633992
"Solyc07g005210.3",1578.13534187341,0.801955294835679,0.208291923674364,3.85015069566225,0.00011804517245644,0.00881773670765221
"Solyc07g005400.3",348.8905358024,0.802589815625226,0.217578627663874,3.68873461627447,0.000225372145033304,0.0133900419538229
"Solyc07g005840.2",861.123307021594,-1.26636894523311,0.381233236268856,-3.32176952258179,0.000894485465639337,0.0338626640563463
"Solyc07g006200.3",1876.36257931811,-0.609234479991517,0.160525661382151,-3.79524665867073,0.000147496741663918,0.0102924058603098
"Solyc07g006220.2",4339.70748178533,-0.853921781241381,0.175130267818751,-4.87592345901701,1.08300599185386e-06,0.000264919927238098
"Solyc07g006500.3",166.56341661986,1.39240401338805,0.321691545708317,4.32838236492098,1.5020852579979e-05,0.00191065244817332
"Solyc07g006560.3",2746.36123292706,9.76740648095766,1.38132881306713,7.07102203947364,1.53796707929222e-12,2.09075294627263e-09
"Solyc07g006570.4",2598.99451093633,3.97462004455965,0.584557391957347,6.79936666483839,1.05080065763859e-11,1.23109592837026e-08
"Solyc07g006870.4",184.736675275887,2.50739979774517,0.543886911448526,4.61014917801065,4.02380128747431e-06,0.00075906624287439
"Solyc07g007250.4",21686.5029078009,6.21832139133028,0.581809669401515,10.6878962629253,1.15971641400886e-26,1.29076436879186e-22
"Solyc07g007440.1",31.5301430004983,-1.63794092430954,0.444890899784336,-3.68166875317868,0.000231712340143834,0.0135378390855689
"Solyc07g007980.3",490.925387089974,-0.662470009946134,0.205204401318067,-3.22834211006666,0.00124509971014312,0.0418669479573805
"Solyc07g008030.3",225.19564890862,0.824440649720237,0.190377106426287,4.33056613369348,1.48726468653563e-05,0.00190267309898179
"Solyc07g008180.4",754.057676296105,-0.582818125062696,0.178428706630089,-3.26639214098532,0.00108927294398423,0.0384266493392853
"Solyc07g008380.2",136.895676502877,8.60134092463822,2.20348109041782,3.90352382057758,9.48022148981662e-05,0.00759099749508338
"Solyc07g008410.4",310.85750425013,6.28974399727697,1.15281702236494,5.45597772695438,4.87040982086078e-08,1.86922970021312e-05
"Solyc07g008560.3",416.89571965722,1.68116192886844,0.477876737433428,3.51798235230614,0.000434841279882478,0.020595716825539
"Solyc07g008570.3",3213.17058166094,4.88124126294373,0.540583601346683,9.02957701784471,1.72336626678475e-19,9.59053327465714e-16
"Solyc07g008670.3",595.680601866302,-0.676326034892842,0.207447205437649,-3.2602320839464,0.00111321082653306,0.038670769223951
"Solyc07g014640.3",421.941627113393,-0.669321420577915,0.173079667403174,-3.86712911239187,0.000110124130790781,0.00844823169713035
"Solyc07g016080.4",94.1933722937088,3.0965514145614,0.924406197645237,3.34977353294399,0.000808776563355737,0.0318643651332721
"Solyc07g016170.4",518.945590206937,1.25764260681595,0.302533818585136,4.1570314773323,3.22409582354258e-05,0.00336940718460365
"Solyc07g018250.1",25.7865732162548,2.3914734177514,0.712852351138317,3.35479487993913,0.000794238530006468,0.0315709815677571
"Solyc07g020870.3",56.2441541701277,1.84591025946133,0.573698487631688,3.21756166219214,0.00129285233636037,0.0426840585210324
"Solyc07g021700.3",906.836686450252,-0.953511739897294,0.153991715922305,-6.19196775739795,5.9417708379921e-10,4.8877385481498e-07
"Solyc07g027020.4",640.056097760322,0.455113484573097,0.130620294305499,3.48424788807061,0.000493522168811741,0.0226511411912358
"Solyc07g038120.1",219.364169561959,1.02377375794801,0.304398047783625,3.3632730741944,0.000770241319856569,0.0309486855234787
"Solyc07g041000.4",96.3944094657924,2.58456359837067,0.579787919093687,4.45777415026309,8.28150878105621e-06,0.00130742117351994
"Solyc07g041920.4",14271.9090666224,1.9801325666424,0.495380603932577,3.99719438129617,6.40976654256486e-05,0.00577657502985805
"Solyc07g042000.4",188.610946154463,0.748359865587123,0.22142640391782,3.37972279884412,0.000725589709294244,0.0297451692981397
"Solyc07g043660.3",16.972331425891,2.83948666830877,0.658149314219536,4.31435026514609,1.60072983318328e-05,0.00200144619831391
"Solyc07g045350.4",1488.66351415393,1.44644834325599,0.249209737422911,5.80414055330976,6.46969899580581e-09,3.27307953742358e-06
"Solyc07g045440.1",6850.20768107974,-0.826393474002243,0.218425685196473,-3.78340795066709,0.000154695551627858,0.0105306513126487
"Solyc07g047740.3",11.4722203478225,5.94676453491812,1.62357846358229,3.66275155054538,0.000249520523317199,0.0140615869595971
"Solyc07g048090.2",1053.43070353198,-1.11166625547367,0.341559056789093,-3.25468241399935,0.00113519231910362,0.0391166888904746
"Solyc07g051850.3",9155.6677828503,0.577254419960663,0.12318582125778,4.6860459594022,2.78533742180006e-06,0.000544129459269429
"Solyc07g052510.4",3.70910097591861,5.06737530451931,1.5829420394274,3.20123869244911,0.00136838126353099,0.0439540648285711
"Solyc07g052740.3",75.3760185387815,0.795067095897065,0.234200662069229,3.39481147863726,0.000686758716042827,0.0287354304870551
"Solyc07g052970.3",305.224239445658,-0.721474483754718,0.217443881029145,-3.31798016269778,0.000906709237214284,0.0341683308693483
"Solyc07g052980.3",7468.12380098117,-1.60619134473393,0.263788999379181,-6.08892466522126,1.13671588290285e-09,8.16235340432821e-07
"Solyc07g053020.3",1603.60316287414,-0.614789199807269,0.136412272216285,-4.50684670681611,6.5798133217619e-06,0.00110980449075546
"Solyc07g054270.3",156.968739087607,1.21295705511167,0.320554132001747,3.78393829315873,0.000154366111067527,0.0105306513126487
"Solyc07g054280.1",259.583004592859,3.6698386767265,0.960045064134063,3.82256918328788,0.00013206840751427,0.00954494399762221
"Solyc07g054430.3",358.58469192713,1.36302411117465,0.288207821714117,4.72930992319382,2.25284258644225e-06,0.000461999158547418
"Solyc07g054880.4",14.4121874109733,3.30606228056044,0.804924779269887,4.10729345860023,4.00322478570782e-05,0.00392562923920071
"Solyc07g055340.3",1243.91175320973,-0.651919671561044,0.165530077294147,-3.93837592670594,8.20349959466877e-05,0.00688551389061306
"Solyc07g055730.4",4.09811404429289,5.92178867959574,1.45265905612369,4.07651654710886,4.57154037158597e-05,0.00434882430220101
"Solyc07g055740.1",1937.64921805877,-1.52931658755571,0.289263037967323,-5.28694090438362,1.24378798775084e-07,3.95524580104768e-05
"Solyc07g055750.4",10.1396882576607,3.27501909189219,0.993109160732076,3.29774331099513,0.000974651903924754,0.0358607460849009
"Solyc07g056280.3",67.4810172909983,1.25455611891924,0.322124588194377,3.89463010554853,9.83486929164985e-05,0.00776326916425978
"Solyc07g056350.3",3747.51710811464,-0.502706366223464,0.1123403676038,-4.47485064314906,7.64647446765299e-06,0.001242412566788
"Solyc07g056480.3",9461.83452386848,1.28871446443172,0.400330113851013,3.21912946301943,0.00128580418971555,0.0425922637843275
"Solyc07g061800.4",492.808539120653,3.29579205886039,0.782030889134704,4.21440138062461,2.50441553474306e-05,0.00282986242656753
"Solyc07g062310.4",491.133194298481,0.758478408705293,0.235382572893659,3.22232185408203,0.00127156210622075,0.0424362406064075
"Solyc07g062510.2",48.7082143406719,1.92035448341249,0.605496593371538,3.17153639580288,0.00151634865622545,0.0475407339261669
"Solyc07g062710.4",304.44305748194,-2.26886822537206,0.58166870326211,-3.90061939493703,9.5946892660668e-05,0.0076551176724963
"Solyc07g062720.3",6.61200574792386,5.19994173170665,1.32701179828158,3.91853466445463,8.90889186209911e-05,0.00726417336448081
"Solyc07g062740.4",519.745479389036,-0.755848855088425,0.171141328261147,-4.41651857425732,1.00303285561979e-05,0.00146891522145372
"Solyc07g063240.4",660.612644059867,0.620921697396367,0.158016820154278,3.92946584287758,8.5134768366528e-05,0.00699298872265282
"Solyc07g063620.3",215.799653726183,-0.841706596412249,0.229342296453321,-3.67008881235112,0.000242466211146355,0.0138445399914568
"Solyc07g063920.3",16.3150799510263,3.39305691995539,0.86234631611842,3.93468013550306,8.33075683496707e-05,0.00691375763464589
"Solyc07g064050.3",184.273261269446,-1.33342252392529,0.351105254185988,-3.79778572957199,0.000145994440336657,0.010236549384774
"Solyc07g064600.3",51321.6795267486,2.12791707690709,0.562730734312162,3.78141257826994,0.000155940984462241,0.0105345246263449
"Solyc07g064670.3",2540.15317606375,-0.472851799024369,0.149600310453903,-3.16076749834065,0.0015735404585068,0.0486486258421684
"Solyc08g005050.4",1335.50855547845,0.658338893441717,0.178416522224675,3.68989870014778,0.000224343368423392,0.0133900419538229
"Solyc08g005673.1",7.64880448449125,4.30758476152938,1.2716258982714,3.38746227753378,0.000705424171362877,0.0292416053157126
"Solyc08g005880.4",268.296705975575,-1.03081837863938,0.290290876611333,-3.55098441491682,0.000383793142829202,0.0189009631844647
"Solyc08g006560.3",39.7017740805951,3.03919280959935,0.769040603588529,3.95192762959166,7.75241878967883e-05,0.00658659703275766
"Solyc08g006870.4",677.55130842224,0.387903649476754,0.101123477873084,3.83594055144738,0.000125084664599897,0.00918938823100231
"Solyc08g007240.4",1932.45093687502,1.6777563624735,0.394251506081363,4.25554839130344,2.0853725353374e-05,0.00246916982109631
"Solyc08g007340.3",2875.02962486846,0.499147990532611,0.147844885368391,3.37616001587654,0.000735051553657998,0.0299479685438493
"Solyc08g008380.4",308.248686814938,0.590643167755084,0.167310837919285,3.53021462984978,0.000415222678046322,0.0200495809399374
"Solyc08g008460.2",1757.53078462676,-0.465346257180628,0.0732029215109434,-6.35693559185423,2.05818238239855e-10,1.90896415967466e-07
"Solyc08g008480.4",235.114214041851,-0.85758972971508,0.249838650132668,-3.43257430049229,0.000597880036034651,0.0259937687541628
"Solyc08g008495.1",8.51370746990605,-2.67715457246222,0.791626729341093,-3.38183953779648,0.000720021898765776,0.0297359693256515
"Solyc08g008580.3",25.0266200133508,-2.88200511195848,0.831306926537791,-3.46683639935661,0.000526622309549483,0.0237166638229384
"Solyc08g013710.4",564.19647097618,-0.4110167344541,0.0999777900780335,-4.11108041229255,3.9381200761478e-05,0.00387887402190487
"Solyc08g014080.4",132.809405477606,0.816280394195621,0.256140585069499,3.1868452005532,0.00143833733758416,0.0456150145519059
"Solyc08g016770.4",3.35743891623232,6.8054458340766,1.85103258053592,3.67656728770613,0.000236393522235493,0.0137034369920887
"Solyc08g048290.4",304.177087525046,1.4816556030392,0.251491127200032,5.89148261227013,3.82745938781139e-09,2.0780303895776e-06
"Solyc08g042040.4",161.161795111008,0.904953356138913,0.280991073367411,3.22057688628292,0.00127932871171837,0.0425677983899118
"Solyc08g042000.3",109.376629775066,1.08896279238785,0.215533602906888,5.05240379087565,4.36284133009032e-07,0.000121396060009763
"Solyc08g059710.4",26.6957707175274,3.25220684640708,0.56815786358415,5.72412537932847,1.0396794958683e-08,5.03114469087571e-06
"Solyc08g065430.3",2487.07403429383,-0.677469542426374,0.207387525027322,-3.26668415729018,0.00108815007996528,0.0384266493392853
"Solyc08g065870.4",466.56520239054,0.57081292740433,0.171269002659996,3.3328443474241,0.000859630201629695,0.0331635498930278
"Solyc08g066360.3",807.3736279693,1.87123474864972,0.510693841150864,3.66410283004947,0.000248207059994498,0.0140230689225318
"Solyc08g066810.3",181.382147559663,-1.09520463159206,0.29244876136972,-3.74494535884692,0.000180433041037479,0.011574753583557
"Solyc08g066890.4",7.68679321867489,5.79093125936238,1.56055521984908,3.71081470601369,0.000206593286923916,0.0125993604573325
"Solyc08g067150.4",433.517405539599,0.531291365928944,0.144367488216346,3.68013167294814,0.000233113550824828,0.0135840514171745
"Solyc08g067410.2",660.150457471736,1.18185489124789,0.275842396108575,4.28452952816831,1.83126287283303e-05,0.00221542997550344
"Solyc08g068190.3",6.53423648596508,6.40608753929346,1.54989988267357,4.13322667541789,3.57705624920751e-05,0.00361933055033451
"Solyc08g068665.1",174.054889723921,3.34319832312304,0.807063770133887,4.14242151220395,3.43657993462947e-05,0.00350909492407578
"Solyc08g074280.4",2578.93172396171,0.321444111520725,0.0989273099163308,3.24929599109277,0.00115691029122628,0.0396807751659431
"Solyc08g074620.3",3239.27830966687,4.79366175002617,1.08372791896623,4.42330742443073,9.7201274164051e-06,0.00143291414761045
"Solyc08g074630.2",20445.8563197087,3.08069905736023,0.845507523337683,3.64360927883765,0.000268841432836774,0.0146673104581389
"Solyc08g074682.1",33.9991001699667,6.60554410525296,1.46580467212,4.50642860600202,6.59278534745864e-06,0.00110980449075546
"Solyc08g074740.3",131.7975419065,1.0664862505174,0.258510892532072,4.12549831100478,3.69932897526865e-05,0.0036818259512037
"Solyc08g074760.3",5486.12034496054,-0.406241182694782,0.0905569074430749,-4.48603197884325,7.2561855311285e-06,0.00119646436979941
"Solyc08g075310.4",4361.92523906631,0.309124024348395,0.0974659154619566,3.17161156167515,0.00151595628025873,0.0475407339261669
"Solyc08g075520.4",829.074435570672,0.441342095236567,0.133555751567931,3.30455326749508,0.000951278967964415,0.0352337268334241
"Solyc08g075640.4",52.8924874729362,1.06607847738219,0.285848077896565,3.72952823481274,0.000191838610046506,0.0119754954542686
"Solyc08g075760.3",6.70057779013478,1.95404585863735,0.598782448998772,3.26336528718356,0.00110097512031552,0.038550587049275
"Solyc08g076540.3",3113.73649983488,-0.349261461493432,0.0948398506418927,-3.68264457535065,0.000230826881330804,0.0135378390855689
"Solyc08g076970.3",72617.7611678366,2.79596245221273,0.345464879146812,8.09333342109297,5.80536694635602e-16,1.78378570930154e-12
"Solyc08g076980.4",2660.14038915846,5.44717161628832,1.5714005609772,3.46644372641747,0.000527392120051865,0.0237166638229384
"Solyc08g077360.3",26.962079764739,2.5345422108669,0.536400242570558,4.72509519891485,2.3000757920341e-06,0.000465451701187992
"Solyc08g077510.4",2238.20334886568,-0.361814451304153,0.107701988048108,-3.35940364575757,0.000781108849063267,0.0312722653269268
"Solyc08g077690.3",426.329646527214,0.672968249487474,0.149028225152748,4.51571001934506,6.31049692569517e-06,0.00108892760903856
"Solyc08g077730.3",551.256969749732,0.890824587910963,0.203271404486192,4.38243928191817,1.17357878944591e-05,0.00158667956257668
"Solyc08g078030.4",34.6354757292802,-2.56240250106313,0.671401179058063,-3.81649985282723,0.000135358155993937,0.00963794479095876
"Solyc08g078700.2",98.4884636032563,2.42080803257314,0.581378076610265,4.16391351852775,3.12838648374991e-05,0.00330477127588107
"Solyc08g079040.1",904.367681488326,-0.428598424453862,0.111424642039665,-3.84653176001488,0.00011980160769391,0.00890511186096086
"Solyc08g079310.4",83.4246866236416,-1.12201058105137,0.348374542980511,-3.22070198198764,0.00127877047459061,0.0425677983899118
"Solyc08g079590.3",323.807739707615,0.802431655832822,0.249999544761621,3.20973246810491,0.00132858565674212,0.043247259132062
"Solyc08g080450.3",3.95710455691775,2.91623110827446,0.857568510607579,3.40058091243152,0.000672428321437948,0.0282726606500241
"Solyc08g080570.4",1172.60755615502,1.61980392041679,0.270486800224841,5.9884767725092,2.1181538113319e-09,1.30972510667356e-06
"Solyc08g081260.1",80.7342024146147,-0.935729762077748,0.276741751506549,-3.38123812899119,0.000721599777348208,0.0297451692981397
"Solyc08g081500.3",39.2771834001239,-2.91490383577817,0.685527867047016,-4.25205739386558,2.11815555744409e-05,0.00248158645835292
"Solyc08g081750.3",819.292328898726,-0.40189258253259,0.0987436041183617,-4.0700619156138,4.7000644839224e-05,0.00445206108136649
"Solyc08g082160.3",434.623492041643,-1.2532096740206,0.309547506213266,-4.04852130566733,5.15422428571034e-05,0.0048207156554585
"Solyc08g082480.3",143.134236709501,0.998808604495375,0.24104998936301,4.14357456366121,3.41933824087647e-05,0.00350799146434305
"Solyc08g082790.3",95.3543023870188,-1.6417409327588,0.426859114203977,-3.84609553393368,0.000120014984649068,0.00890511186096086
"Solyc08g082980.2",13.3310233041468,-4.38287013918763,0.939853550352033,-4.66335434658514,3.11096396707905e-06,0.000596983257820515
"Solyc08g083280.3",779.659825406387,-0.755959242048881,0.217367151359455,-3.47779890991334,0.000505549034232551,0.0230604948811815
"Solyc09g005600.3",616.264285149519,0.292894899969317,0.0914378890565449,3.20321152414391,0.00135904120495085,0.0439074850830275
"Solyc09g005630.3",203.666558331049,-1.59884328036377,0.485274283908546,-3.29472080714066,0.000985195096167871,0.0361292303800606
"Solyc09g005710.3",20.6430972693096,1.6660156905472,0.430826831104826,3.86701934574228,0.000110173691042306,0.00844823169713035
"Solyc09g006000.3",845.243914075137,-1.10959256666998,0.286119963864609,-3.87806761780187,0.000105289456177738,0.00825019332233897
"Solyc09g007150.3",2517.024204258,1.41070930591657,0.321304293506354,4.39057097719322,1.13053404397037e-05,0.00158667956257668
"Solyc09g007260.4",532.245857770006,0.791413518095434,0.231187543104568,3.4232532924037,0.00061876390690741,0.026487854937998
"Solyc09g007420.4",170.158727393149,-1.92065580051753,0.442181961512426,-4.34358695670936,1.4017495589724e-05,0.00183546736368975
"Solyc09g007520.3",26.2477048831049,3.0279214167083,0.719741940185295,4.20695425353255,2.58835511561258e-05,0.00283826526470621
"Solyc09g007660.1",242.74731063746,-2.23176051631944,0.5016845832318,-4.44853318382373,8.64586932694035e-06,0.00133650730012286
"Solyc09g008080.3",110.835949424438,1.98071059484808,0.434482007335512,4.55878623603981,5.14501064786511e-06,0.000923612395334494
"Solyc09g008250.4",26.0688457560022,1.14136367777392,0.330472229966808,3.45373551625975,0.000552879308643464,0.0244673825256531
"Solyc09g008320.4",572.855051588046,-1.34128159198291,0.270538241350563,-4.95782624033871,7.1286274308362e-07,0.00018668617248284
"Solyc09g008670.3",150142.884286031,2.69750140998382,0.639866166938695,4.21572752141194,2.48974231217859e-05,0.00282763591168854
"Solyc09g008810.3",13.2530090392082,7.16547175371568,1.61307085316972,4.44213082124408,8.90723749432533e-06,0.00134942398100484
"Solyc09g009040.3",1207.13391824998,1.12357264733098,0.287195122280852,3.91222747241585,9.14487113750382e-05,0.00742937341316916
"Solyc09g009540.4",376.142970470096,-1.29060245387035,0.374897203264176,-3.44255023145882,0.000576256834111115,0.0251519159359087
"Solyc09g009690.3",468.276798282721,0.40575286569878,0.11453940714657,3.5424739468012,0.000396392576648348,0.0194354598154014
"Solyc09g010560.3",758.356449067581,0.406898164856159,0.124809959333406,3.26014179500857,0.00111356527729347,0.038670769223951
"Solyc09g011670.4",595.285930081606,0.858355727758749,0.260367200524042,3.29671220503632,0.000978236840894146,0.0359332542546265
"Solyc09g011960.2",148.50758380662,-1.52457083869834,0.458544213096903,-3.32480662748253,0.000884798795788211,0.0337253787572698
"Solyc09g013130.3",1435.65630627003,0.274102366287256,0.0849416741707885,3.22694800830191,0.00125118192360885,0.0420080084759172
"Solyc09g013150.4",62.1172890954786,1.56795723424812,0.392640825421735,3.99336271913136,6.51428008053553e-05,0.00582360942139441
"Solyc09g014770.3",2000.89531215017,0.389277164301872,0.114345280859154,3.40440078835758,0.000663093829916835,0.02806172747899
"Solyc09g014900.3",230.190893477369,1.96979477598273,0.436876720855394,4.50881148376578,6.5191803117727e-06,0.00110980449075546
"Solyc09g015670.3",6070.0871755932,0.796351279774259,0.177814835603169,4.47854239536843,7.51544459183361e-06,0.00123010144569277
"Solyc09g055180.4",619.841014560246,0.695616077814539,0.14535013183478,4.78579598816771,1.70310988626225e-06,0.000382941677456543
"Solyc09g059170.3",1365.61056780984,1.98987494843165,0.54650304651598,3.64110495104709,0.000271470436152437,0.0146673104581389
"Solyc09g059990.1",175.318136898936,-0.896464673098283,0.263208234255211,-3.4059142398602,0.000659428901163721,0.0279597854093418
"Solyc09g060090.3",581.550715114395,-0.386108526490418,0.11210916302698,-3.44404075514771,0.000573089309093348,0.0250628055410961
"Solyc09g061860.4",3498.65887828887,0.988212706664521,0.284954551883966,3.46796603223563,0.000524413570888662,0.0236783896307943
"Solyc09g064160.3",7.38747426418561,4.06277486742233,1.24211151551118,3.27086160677798,0.00107220366907696,0.0380657953327803
"Solyc09g064480.1",920.085375356218,-0.561143753190684,0.154966260823065,-3.62107048469976,0.000293386563942359,0.0155125532383774
"Solyc09g064530.3",413.770846425267,-0.657637283996657,0.173747360899294,-3.78502027652571,0.000153696046595747,0.0105269969145272
"Solyc09g064720.3",1362.28023797531,-0.340944957882563,0.106224425361861,-3.20966629587412,0.00132889152050002,0.043247259132062
"Solyc09g065480.2",89.4046771368669,1.21673796121546,0.357783520065324,3.40076580663443,0.000671973703178039,0.0282726606500241
"Solyc09g065990.3",140.470627229219,0.604441290359177,0.160085245227057,3.77574641249333,0.00015952922810141,0.0106961464383656
"Solyc09g072610.3",282.12823686406,1.20574929034903,0.380177819901531,3.17154033515509,0.0015163280899541,0.0475407339261669
"Solyc09g072720.3",29.7647717651466,5.88027643466582,1.22974354985094,4.78170951608453,1.73810719838811e-06,0.000386902662361194
"Solyc09g072820.4",1289.01464393867,-1.44257259174509,0.380553126180495,-3.79072590001767,0.000150207647108625,0.0103839199522919
"Solyc09g074630.3",63.8357169395165,-1.84319454807462,0.325098677083656,-5.66964641200408,1.43092523682702e-08,6.37047915435387e-06
"Solyc09g075400.4",45.6450825750322,2.24158331659361,0.607545641209189,3.68957188489118,0.000224631750358395,0.0133900419538229
"Solyc09g075470.2",699.211807348046,-0.864197165635309,0.209758664656893,-4.11995932110312,3.78939295218303e-05,0.00374897276069308
"Solyc09g082790.4",8.57447533612064,-2.87856686578173,0.773824286044443,-3.71992313719707,0.00019928341638763,0.0122847007635502
"Solyc09g083100.1",5.19217177515166,-7.68379090818684,1.75247076007436,-4.38454728218166,1.16227237105496e-05,0.00158667956257668
"Solyc09g083330.3",963.107146261294,-0.470257440403179,0.147845544324234,-3.18073461430718,0.00146902135061431,0.0463835677513116
"Solyc09g084440.2",665.178509777933,5.32458595411665,0.995547687085404,5.34839869871535,8.87358194495458e-08,3.00958671312708e-05
"Solyc09g084450.3",6817.0520531738,2.67910873724543,0.681016512185487,3.9339849905368,8.35490028625222e-05,0.00691375763464589
"Solyc09g084470.3",21666.0817208896,5.75351061302223,0.70811701018619,8.12508459796697,4.47050495268095e-16,1.65855733744463e-12
"Solyc09g084480.3",14141.8017255129,9.05264204660174,1.48144408843081,6.11068761710106,9.92027768470116e-10,7.36084604204826e-07
"Solyc09g084490.4",29463.1454869232,4.60876498496964,0.682213565595879,6.75560442856941,1.42241012395468e-11,1.58314246796156e-08
"Solyc09g089530.3",12653.7883183388,3.54827202381498,1.10761735034964,3.20351791410173,0.00135759593722138,0.0439074850830275
"Solyc09g089540.4",26971.0962601081,3.54050658611936,0.892720120275413,3.96597601611923,7.30962129038836e-05,0.00633121283751148
"Solyc09g089740.3",50.9987450042882,-1.22145060812245,0.361489896952648,-3.37893428950366,0.000727673987195132,0.029775777490742
"Solyc09g090020.4",943.297892908162,-1.57202748858992,0.283773385953609,-5.53972841148294,3.02941088734515e-08,1.18306467284742e-05
"Solyc09g090470.3",247.935665398174,1.25701648850848,0.266943764566165,4.70891871383989,2.49034352929336e-06,0.000499414837496128
"Solyc09g090500.3",328.666934234471,3.76917099018412,0.851485878092809,4.42658074215682,9.57385562211369e-06,0.00143029547750504
"Solyc09g090510.3",2837.02447578107,0.783247236400006,0.150671434283852,5.19837910963558,2.01033800485415e-07,6.13015397096622e-05
"Solyc09g090550.3",124.079791015207,-1.45807524411876,0.370973355995072,-3.93040422056114,8.48031707301808e-05,0.00699155029797713
"Solyc09g090670.3",276.684787801277,-0.867279789525369,0.183416855817144,-4.72846285398109,2.26226003062303e-06,0.000461999158547418
"Solyc09g090680.3",221.610031768785,-2.21878308354853,0.677670050010154,-3.27413478508499,0.00105986044183012,0.0378084830691322
"Solyc09g091010.3",492.913871477073,-0.964670289387299,0.278887024408904,-3.45900025801451,0.00054218438527139,0.0240898690940941
"Solyc09g091700.4",522.675295755371,1.12803305250925,0.295407501712406,3.81856603495278,0.000134229655254559,0.00960756310600152
"Solyc09g091730.4",25.564454406924,2.34813122719559,0.70672076245424,3.32257286320724,0.000891913740292363,0.03382282769831
"Solyc09g091850.4",1269.5131397326,0.406775220882003,0.128522312344537,3.16501635756084,0.00155074232763656,0.0482116259960751
"Solyc09g092260.4",176.442190407066,1.36594440285979,0.312989390778231,4.36418755109699,1.27596074505004e-05,0.00171101724004903
"Solyc09g092420.2",22.9714243841619,1.78482176045741,0.532627994784033,3.35097249475426,0.000805283004671352,0.0318270887511627
"Solyc09g092690.3",11.8472368090003,3.93364170330433,1.18369397198497,3.32319146367528,0.000889938094184148,0.0338054982534797
"Solyc09g098170.4",620.102715316613,-0.828466312784992,0.157847704718021,-5.2485166905972,1.53328751080567e-07,4.74041388757419e-05
"Solyc09g098180.4",183.322911619331,-0.88901721884686,0.228038728826378,-3.89853611016982,9.6775970721522e-05,0.007693689672361
"Solyc10g005510.3",883.502333233513,0.880088887913459,0.278140439662911,3.1641888859458,0.00155515830345179,0.0482814837305953
"Solyc10g005740.3",72.575105676068,-1.98800476630497,0.452766863380095,-4.39079121529274,1.12938945241001e-05,0.00158667956257668
"Solyc10g006350.3",652.733664020881,-0.339144235449941,0.103962389251468,-3.26218200535587,0.00110558135311898,0.0385740453298252
"Solyc10g007073.1",43.5067871648216,3.13613189264698,0.789812444425673,3.97072990528463,7.16527741968961e-05,0.00623043263133948
"Solyc10g150102.1",19.1485408542582,3.877155234949,0.680984244622192,5.69345805804955,1.24491808280235e-08,5.65548500473067e-06
"Solyc10g007900.4",358.237425072507,2.00243987439677,0.522497287279272,3.83244070954664,0.000126878183972832,0.00929048807643172
"Solyc10g007930.4",385.190667867009,1.06087969083808,0.268541080936329,3.95053035140504,7.79782079277937e-05,0.00659998064058056
"Solyc10g008110.4",2329.97084561355,0.570265198232308,0.150363968339478,3.79256549644137,0.00014909890795212,0.0103393822149975
"Solyc10g008410.1",2451.5030883866,1.62557215482831,0.396557634370969,4.0992078173122,4.14566668055931e-05,0.00404402848073087
"Solyc10g008480.3",787.158095020565,0.66177260087332,0.196698219115699,3.36440565577292,0.00076708705187434,0.0308776813286127
"Solyc10g008780.1",47.3899016708204,1.68234054758921,0.526658841662634,3.19436495602761,0.00140138832983572,0.0447254203114989
"Solyc10g009030.4",799.650248015207,-0.726603939343751,0.181131517974602,-4.01147159516234,6.03414380140678e-05,0.00546016426907784
"Solyc10g009480.4",68.7014924234053,-1.97949226979728,0.443427541232437,-4.46407154660623,8.04166917925273e-06,0.00128782414338249
"Solyc10g012060.3",173.830563733501,0.579822753846905,0.146405836818108,3.96038003981539,7.4830577114657e-05,0.00645631258361343
"Solyc10g045290.2",121.517138943216,2.25537923876849,0.622624494760053,3.62237473428935,0.000291910830222437,0.0154712740017892
"Solyc10g047530.2",27.3316895774123,-5.35253829598884,1.64719724007416,-3.24948231199552,0.00115615268066528,0.0396807751659431
"Solyc10g049640.2",10.8467796346899,2.2587540248831,0.574163777338267,3.93398907077407,8.35475838062025e-05,0.00691375763464589
"Solyc10g050160.2",418.852939696062,-1.1223413572896,0.321720881800345,-3.48855613912593,0.000485636830799525,0.0223815235064129
"Solyc10g051010.3",26.866738257345,-1.48869254646883,0.442975583460893,-3.36066501642805,0.000777550672476768,0.0311860864312304
"Solyc10g054080.3",2224.69318402195,-0.524103043178175,0.152904269119092,-3.42765474239289,0.000608819214250487,0.0263306810633992
"Solyc10g054673.1",3.28310293806667,-6.00700458454407,1.82413016239028,-3.29307891969326,0.000990966546118605,0.036175194875347
"Solyc10g074920.2",765.447788012785,-1.04456208224882,0.285412281192669,-3.65983579222258,0.000252376924708002,0.0141509076675066
"Solyc10g076250.2",1174.48450980918,1.74191253964506,0.420094713826022,4.14647574062657,3.37631934165453e-05,0.00349566830442929
"Solyc10g076300.2",235.577627815442,-0.656783111397945,0.208155499936575,-3.155252258999,0.00160359389915846,0.0491004129233389
"Solyc10g076360.1",1072.33254177543,-0.650102541528421,0.181630543835027,-3.57925780434211,0.000344571421385562,0.0175117804567183
"Solyc10g076940.3",19.2858929641792,4.77253794131367,1.34070923310359,3.55971140011156,0.00037126257024171,0.018447108958885
"Solyc10g078410.2",524.738328251599,-0.681931414589281,0.210566164108709,-3.23856122599651,0.00120134232944525,0.0407030140844007
"Solyc10g079350.3",592.13732606807,4.46005178859773,0.882674373173184,5.05288464710264,4.35186752832059e-07,0.000121396060009763
"Solyc10g079640.2",2610.44245509856,0.988054287499311,0.247269358408189,3.99586222029276,6.44592165741225e-05,0.00578573451991922
"Solyc10g079990.3",432.932187865703,0.633465123862826,0.162842473427476,3.89004852683564,0.000100224177859231,0.00788335759415715
"Solyc10g080150.2",211.376038943232,1.19868042364331,0.317023681819353,3.78104379068545,0.000156172197964682,0.0105345246263449
"Solyc10g080360.1",464.273874522458,-1.46608320163776,0.388658594185432,-3.77216205577658,0.000161839083108835,0.0107860418862355
"Solyc10g080870.3",180.449607031782,2.8045826735477,0.743970093328294,3.76975190091427,0.000163409906387857,0.0108259062981955
"Solyc10g080900.3",416.294855459734,0.780972815521181,0.242716196473043,3.21763782915871,0.0012925091005427,0.0426840585210324
"Solyc10g083400.1",64.642578751724,8.72050972501069,1.32511013211619,6.58096977274193,4.6738960847733e-11,4.95432984985969e-08
"Solyc10g084040.2",1358.25694063069,-0.639564481266403,0.203106404120382,-3.14891341824619,0.00163878740881078,0.0499717913974356
"Solyc10g084230.2",977.482425443006,-0.863664174870435,0.217393119909578,-3.97282202504691,7.10261183299201e-05,0.00622457241741741
"Solyc10g084890.3",116.882212473973,3.53806969660087,1.05819618077212,3.34349127400867,0.000827312958348977,0.0323087481628916
"Solyc10g085200.2",1138.70511556511,0.502042791075279,0.149697129211885,3.35372357318005,0.000797319720698388,0.0315806707878045
"Solyc10g085220.3",2799.450053644,0.748070448820986,0.227547875732987,3.28752991611664,0.0010107044990603,0.0365231853069516
"Solyc10g085470.1",50.5189026900946,-2.0507831239919,0.635714805074619,-3.22594834605305,0.00125556014510126,0.0420705409699468
"Solyc10g086470.2",352.48749437412,-0.600714013203142,0.186559875748318,-3.21995290141351,0.00128211659304556,0.0425922637843275
"Solyc11g006740.3",15.77809055928,1.76082749496034,0.522188281514581,3.37201648771809,0.000746199811369893,0.0302557519145607
"Solyc11g007020.2",849.549068817395,0.805520886735803,0.239816247159252,3.35890873232158,0.000782509065008906,0.0312722653269268
"Solyc11g007330.2",315.965401535618,-1.89890763823929,0.35412834093257,-5.36220183123061,8.22136045662024e-08,2.90488069467249e-05
"Solyc11g007390.1",13.1601853782909,3.8300627316911,0.874050427397658,4.38196997751547,1.17611018789377e-05,0.00158667956257668
"Solyc11g007480.1",18.7813995876814,3.94867873964977,1.10658863588029,3.56833480086175,0.00035925725630321,0.0180520689058904
"Solyc11g007540.2",1622.23164577396,-0.747010429286076,0.224714170374156,-3.32426935089265,0.000886505297298422,0.0337326631074579
"Solyc11g007600.2",137.123017440418,-1.30664054157218,0.391333904740839,-3.33894029048545,0.000840986389449457,0.0326707801555758
"Solyc11g007730.2",155.101181247244,1.61050167327404,0.436063541103523,3.69327293265203,0.000221386192037821,0.0133215248221644
"Solyc11g007770.2",1005.62659105219,0.825432097249475,0.259384150037133,3.18227654670228,0.00146122221910569,0.0462028502802453
"Solyc11g007960.2",1534.99012018061,-0.316927871657251,0.0990500822960811,-3.19967297664517,0.00137583599701894,0.0441298404807517
"Solyc11g010100.2",710.743248511518,-0.646901179123384,0.153697319356715,-4.20892948446286,2.56583441845472e-05,0.00283826526470621
"Solyc11g010170.2",2440.47957609257,1.71188143641505,0.287107041828446,5.96251985152612,2.48377464882544e-09,1.45496904428564e-06
"Solyc11g010600.2",15447.8288333765,-0.580219631782695,0.158816531569401,-3.6533956890322,0.000258794950302186,0.0144019389843166
"Solyc11g010700.3",501.389475705479,0.827971854069514,0.248576766061013,3.33084972980254,0.000865813276008336,0.0332867072952428
"Solyc11g010780.1",89.3561328898277,2.02227016685154,0.419650308497035,4.81894121344564,1.44322066823506e-06,0.000334646792447004
"Solyc11g010850.2",4562.58339805104,1.74060914947245,0.465292125853291,3.74089534887438,0.000183365865013805,0.011729092400021
"Solyc11g010910.3",51.1150858906451,1.44774899821155,0.325418196078446,4.44888766411375,8.63161437213968e-06,0.00133650730012286
"Solyc11g011310.3",50.7832329367219,-2.94054332566327,0.886865894012049,-3.3156572436907,0.000914278893090563,0.0343761634691238
"Solyc11g012130.2",1246.14512417818,1.7758139462732,0.408822222041738,4.34373145717089,1.40082738935232e-05,0.00183546736368975
"Solyc11g012290.2",263.861776955434,0.631810406110823,0.192903028735787,3.275274682059,0.00105559281971085,0.0377425042121843
"Solyc11g012600.3",2.99984215768989,3.73009457128876,1.11677499514415,3.34005917710155,0.000837605396906992,0.0326423358305418
"Solyc11g013090.2",58.6768590263768,0.952224675860483,0.274929874381545,3.46351838992584,0.000533160149456912,0.0237686591874566
"Solyc11g018500.3",230.91937467064,-1.36784863008076,0.392386874134949,-3.48596938441505,0.000490357121259863,0.0225523750397615
"Solyc11g022590.1",22384.4993460557,2.62812862166489,0.548236985415681,4.7937820533436,1.63666078558785e-06,0.000371755807012097
"Solyc11g028100.2",118.392891058903,-26.7962905171397,3.31586044783773,-8.08124797128103,6.41073031195522e-16,1.78378570930154e-12
"Solyc11g031950.1",117.237229322567,-1.25387259935613,0.344024714111769,-3.64471663785399,0.000267686571091107,0.0146560323818645
"Solyc11g031960.2",894.228193011489,-2.01555262432633,0.563326525797169,-3.57794730413964,0.000346303246009893,0.0175597044559914
"Solyc11g045330.2",274.497489291816,0.600490200501165,0.141687269909368,4.23813798434592,2.25381241003154e-05,0.00259963270006828
"Solyc11g044235.1",25.9107390474807,4.18302098546955,1.30272893288448,3.21096805319859,0.00132288640588149,0.043247259132062
"Solyc11g040340.3",41.5097562602456,1.51402101119803,0.28254800958108,5.35845576630604,8.39362806444405e-08,2.91940876116445e-05
"Solyc11g040330.2",269.365224482004,-0.957138536658506,0.29066050954749,-3.29297756392366,0.000991323848785341,0.036175194875347
"Solyc11g065360.2",11.9617905140911,8.92598181521314,1.64036508711624,5.44146049274007,5.28455137699039e-08,1.96320865739527e-05
"Solyc11g065740.2",7185.7810991493,-0.632920838592721,0.17463033275187,-3.62434651883776,0.00028969299017438,0.0153903722226293
"Solyc11g065930.3",3618.28557078597,2.69213755452535,0.231903813856605,11.6088541613636,3.71561247550404e-31,8.27095337047199e-27
"Solyc11g066370.2",749.97156556813,0.351954918042358,0.0893817213749456,3.93766099632327,8.22797257368856e-05,0.00688551389061306
"Solyc11g066880.2",58.0099100158659,-1.84184704009899,0.435349523438837,-4.23073172459266,2.3293234668738e-05,0.00267271857590777
"Solyc11g067170.3",37.6926346291305,5.44831343800504,1.2254729566199,4.44588630746498,8.75302338973759e-06,0.00134374000452109
"Solyc11g067200.2",483.028563442386,0.394861362523249,0.106030122164369,3.72404892556035,0.00019605290595474,0.0121226046848681
"Solyc11g068430.3",473.652661675128,2.11325568664239,0.348294401307389,6.0674408738983,1.29964439039038e-09,9.04065129065307e-07
"Solyc11g068460.2",501.56953253501,-0.356935427103105,0.111412640624137,-3.20372468602793,0.00135662137769045,0.0439074850830275
"Solyc11g069250.2",257.541059612512,-1.40617700306975,0.438722032124466,-3.20516614189737,0.00134984540351261,0.0438011059507154
"Solyc11g069260.2",363.947018473932,-0.789893068257277,0.233174507279891,-3.38756186288035,0.000705168124637519,0.0292416053157126
"Solyc11g069270.2",10238.6838329655,-0.530957037925619,0.16302849513932,-3.25683579101847,0.00112661587462832,0.0390022851776462
"Solyc11g069500.2",619.190180145978,0.709015274282737,0.119294498048756,5.94340297230608,2.79165021674025e-09,1.55355334561595e-06
"Solyc11g069530.2",361.474916261491,0.522570457299254,0.150649367815789,3.46878626094365,0.000522815214853487,0.0236542005744687
"Solyc11g069540.3",244.700375650854,-1.34851729219348,0.400582841036456,-3.366388057722,0.000761594863261312,0.0307678795938236
"Solyc11g069550.1",439.826843280046,-0.421772152471382,0.0884713049667761,-4.76733278241766,1.86680821145849e-06,0.000400364388865512
"Solyc11g069700.2",1630.24250418096,1.95918522337169,0.589007102061949,3.32625059445485,0.000880227536616293,0.0336664346479015
"Solyc11g069960.2",2814.9561507229,-1.14039442373718,0.311661079559208,-3.65908513616803,0.000253117247529503,0.0141567586181074
"Solyc11g069970.1",66.0736712228605,-1.6375138377939,0.481379811273148,-3.40170858736892,0.000669660031947831,0.0282726606500241
"Solyc11g071550.2",419.959348466497,0.93310770898072,0.278490699195446,3.35058840986952,0.000806400631431075,0.0318270887511627
"Solyc11g073020.3",404.118472991667,1.26086113392856,0.251907043594599,5.00526351282856,5.57856629911362e-07,0.000149613115443698
"Solyc12g005030.3",149.316305345183,1.06349467503644,0.281352386280135,3.77993835096729,0.000156867194391731,0.010549437302598
"Solyc12g005190.3",312.921392051569,-0.793855837739052,0.167592011823726,-4.73683577815172,2.17080932216287e-06,0.000460211576298529
"Solyc12g005430.1",434.757724985722,1.88228736922006,0.589359445402555,3.19378502186283,0.0014042064381432,0.0447254203114989
"Solyc12g009220.2",1250.63610712736,1.21658137489538,0.338462819983631,3.59443136163144,0.000325100834155224,0.0167406546588284
"Solyc12g009920.1",10.6357357701142,2.45233648294418,0.648442200406619,3.78188908958484,0.000155642710021148,0.0105345246263449
"Solyc12g010050.2",263.589025228229,-0.972375672796028,0.285968945080155,-3.40028415506263,0.000673158586905336,0.0282726606500241
"Solyc12g010110.3",223.187619116478,1.13525640232801,0.255571359315377,4.44203296241462,8.911290440598e-06,0.00134942398100484
"Solyc12g013650.2",446.932316009191,-0.95468042412938,0.216321115204002,-4.41325583602445,1.01827546246988e-05,0.00148149096696599
"Solyc12g014130.2",246.647925968645,-1.35788686239575,0.351076673651318,-3.86777864867314,0.00010983129175049,0.00844823169713035
"Solyc12g014310.2",186.910383429575,1.22281205945359,0.307924784851292,3.97113879626197,7.15298887271182e-05,0.00623043263133948
"Solyc12g015770.3",1407.3254347436,1.00940523518171,0.244695585609813,4.12514689493127,3.70498208926158e-05,0.0036818259512037
"Solyc12g015800.2",182.48863873162,-1.49580969786287,0.393906227170387,-3.79737509764181,0.000146236419782486,0.010236549384774
"Solyc12g016220.3",468.668642636916,0.501531098385138,0.151161933651625,3.31783992351534,0.000907164579684853,0.0341683308693483
"Solyc12g019740.2",903.972548187046,0.898074888228374,0.255228788695298,3.51870528720227,0.000433658158187632,0.020595716825539
"Solyc12g044630.2",128.058240765344,-2.07459644911253,0.524357878425362,-3.95645137504658,7.60713636959173e-05,0.00651287906104276
"Solyc12g049400.2",798.838770627166,1.7059807860854,0.383018981695025,4.45403718253256,8.42704966522043e-06,0.00132102905315357
"Solyc12g049500.3",75.7678633997237,-1.26699647578596,0.35100875126876,-3.60958657357192,0.00030668540761731,0.0159878622331647
"Solyc12g049550.2",103.30739300222,-1.50909204534084,0.269671405552862,-5.59604027073988,2.19302782778519e-08,9.04014804564785e-06
"Solyc12g055930.3",462.778186744536,-0.586512330581296,0.139534703084797,-4.20334381064232,2.630006492712e-05,0.00286980120234162
"Solyc12g056580.2",6399.68083379528,-0.58610663188089,0.160818151320732,-3.64453034105566,0.000267880533592006,0.0146560323818645
"Solyc12g056790.2",861.552717476437,0.509699716261214,0.155950080979886,3.26835172549191,0.00108175841560695,0.0383396520604104
"Solyc12g056840.2",459.358310309418,0.820836531669548,0.131022471331618,6.26485306930296,3.73177109470897e-10,3.32276898272886e-07
"Solyc12g057110.2",2002.37368514783,-0.455791005366052,0.139334259629339,-3.27120556407707,0.0010709003738389,0.0380657953327803
"Solyc12g088750.2",1487.39883506207,-0.389179858982851,0.104473116400258,-3.72516751095874,0.000195185565538628,0.0121202101369109
"Solyc12g088820.2",813.090967913291,-0.841235143222454,0.239125104228196,-3.51797083764015,0.000434860148607517,0.020595716825539
"Solyc12g089190.1",20.7297863414495,-3.18382404767277,0.954101963254211,-3.33698511300985,0.00084692484453123,0.0328441586049916
"Solyc12g094700.3",426.278053259305,-1.44173995684928,0.412774004594628,-3.49280705858684,0.000477971722519995,0.0221437077387263
"Solyc12g095790.2",1831.01043156796,-0.566338929846625,0.105296334131348,-5.37852466107857,7.50986966483201e-08,2.69628546353485e-05
"Solyc12g096780.2",5979.6567679136,3.28138396801493,0.760785487819281,4.31315268305223,1.60942888363967e-05,0.00200144619831391
"Solyc12g097010.1",321.793198986965,-1.29733128092615,0.350933361895402,-3.696802361335,0.000218332183815331,0.0132082480758499
"Solyc12g098640.3",2781.54448010454,0.600681591353369,0.182530480720262,3.29085634894013,0.000998829049257004,0.0363894183902797
"Solyc12g098910.2",364.258077227392,0.946917990867658,0.26179368622001,3.61703906820683,0.000297992340008399,0.0156077870319693
"Solyc12g098960.2",608.95220593375,-0.94529856418553,0.162638860624767,-5.81225520490138,6.1636778324281e-09,3.19077833836859e-06
"Solyc12g099870.3",70.8496716373091,3.23778913596835,0.87150837651869,3.71515549730223,0.000203078772266045,0.0124190479962696
"Solyc12g100180.2",439.681278092899,1.83241560438747,0.572221725680402,3.20228247574597,0.00136343228684445,0.0439507042223233
